"id_penjualan","id_invoice","tanggal","bulan","id_customer","nama","cabang_sales","grup","id_barang","nama_barang","brand","kemasan","jumlah_barang","harga_satuan","total"
"IN5997 BRG0001","IN5997","2022-01-20","January","CUST55380","APOTEK TAPAK","Aceh","Apotek","BRG0001","ACYCLOVIR DUS","OGB & PH","DUS",1,1170.0,1170.0
"IN6297 BRG0002","IN6297","2022-01-20","January","CUST55381","APOTEK MAJA","Kuningan","Apotek","BRG0002","ALERGINE TABLET SALUT","ETIKAL","DUS",5,2338.0,11690.0
"IN6155 BRG0003","IN6155","2022-01-21","January","CUST55382","KLINIK GM","Jakarta","Klinik","BRG0003","AMPICILLIN","MARCKS","BOTOL",9,10691.0,96219.0
"IN6144 BRG0004","IN6144","2022-01-22","January","CUST55383","APOTEK MERDEKA","Bandung","Apotek","BRG0004","TRAMADOL KAPSUL 50 MG","VNS","TABLET",13,8701.0,113113.0
"IN6280 BRG0005","IN6280","2022-01-23","January","CUST55384","KLINIK SAHABAT","Tangerang","Klinik","BRG0005","KLORPROMAZINA TABLET SALUT SELAPUT 100 MG","SLCYL","TABLET",1,5648.0,5648.0
"IN6052 BRG0006","IN6052","2022-01-23","January","CUST55385","APOTEK SINAR JAYA","Bekasi","Apotek","BRG0006","KETOCONAZOLE TABLET 200 MG","OGB & PH","TABLET",5,2819.0,14095.0
"IN6251 BRG0008","IN6251","2022-01-23","January","CUST55387","APOTEK TAPAK","Aceh","Apotek","BRG0008","TETRACYCLINE KAPSUL 250 MG","MARCKS","TABLET",1,3992.0,3992.0
"IN6190 BRG0001","IN6190","2022-01-23","January","CUST55390","APOTEK MERDEKA","Bandung","Apotek","BRG0001","ACYCLOVIR DUS","OGB & PH","DUS",2,1170.0,2340.0
"IN6307 BRG0007","IN6307","2022-01-23","January","CUST55396","APOTEK MAJA","Kuningan","Apotek","BRG0007","ERGOTAMINE COFFEINE","ETIKAL","BOTOL",14,4592.0,64288.0
"IN6125 BRG0003","IN6125","2022-01-23","January","CUST55402","APOTEK TAPAK","Aceh","Apotek","BRG0003","AMPICILLIN","MARCKS","BOTOL",14,10691.0,149674.0
"IN6086 BRG0003","IN6086","2022-01-23","January","CUST55408","APOTEK SAHABAT","Padang","Apotek","BRG0003","AMPICILLIN","MARCKS","BOTOL",14,5781.0,80934.0
"IN5991 BRG0005","IN5991","2022-01-23","January","CUST55414","KLINIK SAHABAT","Tangerang","Klinik","BRG0005","KLORPROMAZINA TABLET SALUT SELAPUT 100 MG","SLCYL","TABLET",24,5648.0,135552.0
"IN6028 BRG0001","IN6028","2022-01-23","January","CUST55420","APOTEK MERDEKA","Bandung","Apotek","BRG0001","ACYCLOVIR DUS","OGB & PH","DUS",98,1170.0,114660.0
"IN6311 BRG0007","IN6311","2022-01-23","January","CUST55426","APOTEK MAJA","Kuningan","Apotek","BRG0007","ERGOTAMINE COFFEINE","ETIKAL","BOTOL",7,4592.0,32144.0
"IN5980 BRG0003","IN5980","2022-01-23","January","CUST55432","APOTEK TAPAK","Aceh","Apotek","BRG0003","AMPICILLIN","MARCKS","BOTOL",20,10691.0,213820.0
"IN6217 BRG0003","IN6217","2022-01-23","January","CUST55438","APOTEK SAHABAT","Padang","Apotek","BRG0003","AMPICILLIN","MARCKS","BOTOL",5,5781.0,28905.0
"IN6220 BRG0005","IN6220","2022-01-23","January","CUST55444","KLINIK SAHABAT","Tangerang","Klinik","BRG0005","KLORPROMAZINA TABLET SALUT SELAPUT 100 MG","SLCYL","TABLET",48,5648.0,271104.0
"IN6233 BRG0001","IN6233","2022-01-23","January","CUST55450","APOTEK MERDEKA","Bandung","Apotek","BRG0001","ACYCLOVIR DUS","OGB & PH","DUS",24,1170.0,28080.0
"IN6216 BRG0007","IN6216","2022-01-23","January","CUST55456","APOTEK MAJA","Kuningan","Apotek","BRG0007","ERGOTAMINE COFFEINE","ETIKAL","BOTOL",98,4592.0,450016.0
"IN6318 BRG0003","IN6318","2022-01-23","January","CUST55462","APOTEK TAPAK","Aceh","Apotek","BRG0003","AMPICILLIN","MARCKS","BOTOL",22,10691.0,235202.0
"IN6286 BRG0003","IN6286","2022-01-23","January","CUST55468","APOTEK SAHABAT","Padang","Apotek","BRG0003","AMPICILLIN","MARCKS","BOTOL",120,5781.0,693720.0
"IN6065 BRG0005","IN6065","2022-01-23","January","CUST55474","KLINIK SAHABAT","Tangerang","Klinik","BRG0005","KLORPROMAZINA TABLET SALUT SELAPUT 100 MG","SLCYL","TABLET",4,5648.0,22592.0
"IN6039 BRG0001","IN6039","2022-01-23","January","CUST55480","APOTEK MERDEKA","Bandung","Apotek","BRG0001","ACYCLOVIR DUS","OGB & PH","DUS",13,1170.0,15210.0
"IN6210 BRG0007","IN6210","2022-01-23","January","CUST55486","APOTEK MAJA","Kuningan","Apotek","BRG0007","ERGOTAMINE COFFEINE","ETIKAL","BOTOL",4,4592.0,18368.0
"IN6289 BRG0003","IN6289","2022-01-23","January","CUST55492","APOTEK TAPAK","Aceh","Apotek","BRG0003","AMPICILLIN","MARCKS","BOTOL",25,10691.0,267275.0
"IN6183 BRG0003","IN6183","2022-01-23","January","CUST55498","APOTEK SAHABAT","Padang","Apotek","BRG0003","AMPICILLIN","MARCKS","BOTOL",25,5781.0,144525.0
"IN6221 BRG0005","IN6221","2022-01-23","January","CUST55504","KLINIK SAHABAT","Tangerang","Klinik","BRG0005","KLORPROMAZINA TABLET SALUT SELAPUT 100 MG","SLCYL","TABLET",25,5648.0,141200.0
"IN6215 BRG0001","IN6215","2022-01-23","January","CUST55510","APOTEK MERDEKA","Bandung","Apotek","BRG0001","ACYCLOVIR DUS","OGB & PH","DUS",14,1170.0,16380.0
"IN6308 BRG0007","IN6308","2022-01-23","January","CUST55516","APOTEK MAJA","Kuningan","Apotek","BRG0007","ERGOTAMINE COFFEINE","ETIKAL","BOTOL",67,4592.0,307664.0
"IN6317 BRG0003","IN6317","2022-01-23","January","CUST55522","APOTEK TAPAK","Aceh","Apotek","BRG0003","AMPICILLIN","MARCKS","BOTOL",10,10691.0,106910.0
"IN6202 BRG0003","IN6202","2022-01-23","January","CUST55528","APOTEK SAHABAT","Padang","Apotek","BRG0003","AMPICILLIN","MARCKS","BOTOL",34,5781.0,196554.0
"IN6242 BRG0005","IN6242","2022-01-23","January","CUST55534","KLINIK SAHABAT","Tangerang","Klinik","BRG0005","KLORPROMAZINA TABLET SALUT SELAPUT 100 MG","SLCYL","TABLET",44,5648.0,248512.0
"IN6284 BRG0001","IN6284","2022-01-23","January","CUST55540","APOTEK MERDEKA","Bandung","Apotek","BRG0001","ACYCLOVIR DUS","OGB & PH","DUS",76,1170.0,88920.0
"IN6089 BRG0007","IN6089","2022-01-25","January","CUST55386","APOTEK SAHABAT","Padang","Apotek","BRG0007","ERGOTAMINE COFFEINE","ETIKAL","BOTOL",9,4592.0,41328.0
"IN6036 BRG0009","IN6036","2022-01-27","January","CUST55388","APOTEK MAJA","Kuningan","Apotek","BRG0009","AMBROXOL HC","VNS","BOTOL",23,5781.0,132963.0
"IN6024 BRG0005","IN6024","2022-01-27","January","CUST55394","KLINIK DR. ANDRI","Lampung","Klinik","BRG0005","KLORPROMAZINA TABLET SALUT SELAPUT 100 MG","SLCYL","TABLET",12,5648.0,67776.0
"IN6113 BRG0001","IN6113","2022-01-27","January","CUST55400","APOTEK SINAR JAYA","Bekasi","Apotek","BRG0001","ACYCLOVIR DUS","OGB & PH","DUS",12,1170.0,14040.0
"IN6173 BRG0001","IN6173","2022-01-27","January","CUST55406","KLINIK SAHABAT","Tangerang","Klinik","BRG0001","ACYCLOVIR DUS","OGB & PH","DUS",12,4592.0,55104.0
"IN6146 BRG0003","IN6146","2022-01-27","January","CUST55412","KLINIK GM","Jakarta","Klinik","BRG0003","AMPICILLIN","MARCKS","BOTOL",25,10691.0,267275.0
"IN6131 BRG0009","IN6131","2022-01-27","January","CUST55418","APOTEK MAJA","Kuningan","Apotek","BRG0009","AMBROXOL HC","VNS","BOTOL",10,5781.0,57810.0
"IN6003 BRG0005","IN6003","2022-01-27","January","CUST55424","KLINIK DR. ANDRI","Lampung","Klinik","BRG0005","KLORPROMAZINA TABLET SALUT SELAPUT 100 MG","SLCYL","TABLET",9,5648.0,50832.0
"IN6306 BRG0001","IN6306","2022-01-27","January","CUST55430","APOTEK SINAR JAYA","Bekasi","Apotek","BRG0001","ACYCLOVIR DUS","OGB & PH","DUS",45,1170.0,52650.0
"IN6219 BRG0001","IN6219","2022-01-27","January","CUST55436","KLINIK SAHABAT","Tangerang","Klinik","BRG0001","ACYCLOVIR DUS","OGB & PH","DUS",34,4592.0,156128.0
"IN6124 BRG0003","IN6124","2022-01-27","January","CUST55442","KLINIK GM","Jakarta","Klinik","BRG0003","AMPICILLIN","MARCKS","BOTOL",95,10691.0,1015645.0
"IN6327 BRG0009","IN6327","2022-01-27","January","CUST55448","APOTEK MAJA","Kuningan","Apotek","BRG0009","AMBROXOL HC","VNS","BOTOL",25,5781.0,144525.0
"IN6188 BRG0005","IN6188","2022-01-27","January","CUST55454","KLINIK DR. ANDRI","Lampung","Klinik","BRG0005","KLORPROMAZINA TABLET SALUT SELAPUT 100 MG","SLCYL","TABLET",10,5648.0,56480.0
"IN6238 BRG0001","IN6238","2022-01-27","January","CUST55460","APOTEK SINAR JAYA","Bekasi","Apotek","BRG0001","ACYCLOVIR DUS","OGB & PH","DUS",9,1170.0,10530.0
"IN6161 BRG0001","IN6161","2022-01-27","January","CUST55466","KLINIK SAHABAT","Tangerang","Klinik","BRG0001","ACYCLOVIR DUS","OGB & PH","DUS",24,4592.0,110208.0
"IN6074 BRG0003","IN6074","2022-01-27","January","CUST55472","KLINIK GM","Jakarta","Klinik","BRG0003","AMPICILLIN","MARCKS","BOTOL",98,10691.0,1047718.0
"IN6095 BRG0009","IN6095","2022-01-27","January","CUST55478","APOTEK MAJA","Kuningan","Apotek","BRG0009","AMBROXOL HC","VNS","BOTOL",5,5781.0,28905.0
"IN6258 BRG0005","IN6258","2022-01-27","January","CUST55484","KLINIK DR. ANDRI","Lampung","Klinik","BRG0005","KLORPROMAZINA TABLET SALUT SELAPUT 100 MG","SLCYL","TABLET",1,5648.0,5648.0
"IN6062 BRG0001","IN6062","2022-01-27","January","CUST55490","APOTEK SINAR JAYA","Bekasi","Apotek","BRG0001","ACYCLOVIR DUS","OGB & PH","DUS",12,1170.0,14040.0
"IN6103 BRG0001","IN6103","2022-01-27","January","CUST55496","KLINIK SAHABAT","Tangerang","Klinik","BRG0001","ACYCLOVIR DUS","OGB & PH","DUS",15,4592.0,68880.0
"IN6118 BRG0003","IN6118","2022-01-27","January","CUST55502","KLINIK GM","Jakarta","Klinik","BRG0003","AMPICILLIN","MARCKS","BOTOL",19,10691.0,203129.0
"IN6228 BRG0009","IN6228","2022-01-27","January","CUST55508","APOTEK MAJA","Kuningan","Apotek","BRG0009","AMBROXOL HC","VNS","BOTOL",12,5781.0,69372.0
"IN6299 BRG0005","IN6299","2022-01-27","January","CUST55514","KLINIK DR. ANDRI","Lampung","Klinik","BRG0005","KLORPROMAZINA TABLET SALUT SELAPUT 100 MG","SLCYL","TABLET",12,5648.0,67776.0
"IN6205 BRG0001","IN6205","2022-01-27","January","CUST55520","APOTEK SINAR JAYA","Bekasi","Apotek","BRG0001","ACYCLOVIR DUS","OGB & PH","DUS",8,1170.0,9360.0
"IN6136 BRG0001","IN6136","2022-01-27","January","CUST55526","KLINIK SAHABAT","Tangerang","Klinik","BRG0001","ACYCLOVIR DUS","OGB & PH","DUS",78,4592.0,358176.0
"IN6058 BRG0003","IN6058","2022-01-27","January","CUST55532","KLINIK GM","Jakarta","Klinik","BRG0003","AMPICILLIN","MARCKS","BOTOL",34,10691.0,363494.0
"IN6066 BRG0009","IN6066","2022-01-27","January","CUST55538","APOTEK MAJA","Kuningan","Apotek","BRG0009","AMBROXOL HC","VNS","BOTOL",12,5781.0,69372.0
"IN6029 BRG0010","IN6029","2022-01-28","January","CUST55389","KLINIK GM","Jakarta","Klinik","BRG0010","PARACETAMOL","SLCYL","BOTOL",4,6940.0,27760.0
"IN6184 BRG0006","IN6184","2022-01-28","January","CUST55395","APOTEK TAPAK","Aceh","Apotek","BRG0006","KETOCONAZOLE TABLET 200 MG","OGB & PH","TABLET",25,2819.0,70475.0
"IN6141 BRG0002","IN6141","2022-01-28","January","CUST55401","APOTEK SAHABAT","Padang","Apotek","BRG0002","ALERGINE TABLET SALUT","ETIKAL","DUS",25,2338.0,58450.0
"IN6013 BRG0002","IN6013","2022-01-28","January","CUST55407","APOTEK SINAR JAYA","Bekasi","Apotek","BRG0002","ALERGINE TABLET SALUT","ETIKAL","DUS",25,3992.0,99800.0
"IN6230 BRG0004","IN6230","2022-01-28","January","CUST55413","APOTEK MERDEKA","Bandung","Apotek","BRG0004","TRAMADOL KAPSUL 50 MG","VNS","TABLET",14,8701.0,121814.0
"IN6262 BRG0010","IN6262","2022-01-28","January","CUST55419","KLINIK GM","Jakarta","Klinik","BRG0010","PARACETAMOL","SLCYL","BOTOL",67,6940.0,464980.0
"IN6247 BRG0006","IN6247","2022-01-28","January","CUST55425","APOTEK TAPAK","Aceh","Apotek","BRG0006","KETOCONAZOLE TABLET 200 MG","OGB & PH","TABLET",10,2819.0,28190.0
"IN6253 BRG0002","IN6253","2022-01-28","January","CUST55431","APOTEK SAHABAT","Padang","Apotek","BRG0002","ALERGINE TABLET SALUT","ETIKAL","DUS",34,2338.0,79492.0
"IN6053 BRG0002","IN6053","2022-01-28","January","CUST55437","APOTEK SINAR JAYA","Bekasi","Apotek","BRG0002","ALERGINE TABLET SALUT","ETIKAL","DUS",44,3992.0,175648.0
"IN5981 BRG0004","IN5981","2022-01-28","January","CUST55443","APOTEK MERDEKA","Bandung","Apotek","BRG0004","TRAMADOL KAPSUL 50 MG","VNS","TABLET",76,8701.0,661276.0
"IN6119 BRG0010","IN6119","2022-01-28","January","CUST55449","KLINIK GM","Jakarta","Klinik","BRG0010","PARACETAMOL","SLCYL","BOTOL",14,6940.0,97160.0
"IN6116 BRG0006","IN6116","2022-01-28","January","CUST55455","APOTEK TAPAK","Aceh","Apotek","BRG0006","KETOCONAZOLE TABLET 200 MG","OGB & PH","TABLET",67,2819.0,188873.0
"IN6214 BRG0002","IN6214","2022-01-28","January","CUST55461","APOTEK SAHABAT","Padang","Apotek","BRG0002","ALERGINE TABLET SALUT","ETIKAL","DUS",21,2338.0,49098.0
"IN6292 BRG0002","IN6292","2022-01-28","January","CUST55467","APOTEK SINAR JAYA","Bekasi","Apotek","BRG0002","ALERGINE TABLET SALUT","ETIKAL","DUS",10,3992.0,39920.0
"IN6200 BRG0004","IN6200","2022-01-28","January","CUST55473","APOTEK MERDEKA","Bandung","Apotek","BRG0004","TRAMADOL KAPSUL 50 MG","VNS","TABLET",5,8701.0,43505.0
"IN6049 BRG0010","IN6049","2022-01-28","January","CUST55479","KLINIK GM","Jakarta","Klinik","BRG0010","PARACETAMOL","SLCYL","BOTOL",9,6940.0,62460.0
"IN6070 BRG0006","IN6070","2022-01-28","January","CUST55485","APOTEK TAPAK","Aceh","Apotek","BRG0006","KETOCONAZOLE TABLET 200 MG","OGB & PH","TABLET",23,2819.0,64837.0
"IN6167 BRG0002","IN6167","2022-01-28","January","CUST55491","APOTEK SAHABAT","Padang","Apotek","BRG0002","ALERGINE TABLET SALUT","ETIKAL","DUS",12,2338.0,28056.0
"IN6172 BRG0002","IN6172","2022-01-28","January","CUST55497","APOTEK SINAR JAYA","Bekasi","Apotek","BRG0002","ALERGINE TABLET SALUT","ETIKAL","DUS",12,3992.0,47904.0
"IN6162 BRG0004","IN6162","2022-01-28","January","CUST55503","APOTEK MERDEKA","Bandung","Apotek","BRG0004","TRAMADOL KAPSUL 50 MG","VNS","TABLET",12,8701.0,104412.0
"IN6199 BRG0010","IN6199","2022-01-28","January","CUST55509","KLINIK GM","Jakarta","Klinik","BRG0010","PARACETAMOL","SLCYL","BOTOL",25,6940.0,173500.0
"IN6064 BRG0006","IN6064","2022-01-28","January","CUST55515","APOTEK TAPAK","Aceh","Apotek","BRG0006","KETOCONAZOLE TABLET 200 MG","OGB & PH","TABLET",10,2819.0,28190.0
"IN6325 BRG0002","IN6325","2022-01-28","January","CUST55521","APOTEK SAHABAT","Padang","Apotek","BRG0002","ALERGINE TABLET SALUT","ETIKAL","DUS",9,2338.0,21042.0
"IN6314 BRG0002","IN6314","2022-01-28","January","CUST55527","APOTEK SINAR JAYA","Bekasi","Apotek","BRG0002","ALERGINE TABLET SALUT","ETIKAL","DUS",45,3992.0,179640.0
"IN6246 BRG0004","IN6246","2022-01-28","January","CUST55533","APOTEK MERDEKA","Bandung","Apotek","BRG0004","TRAMADOL KAPSUL 50 MG","VNS","TABLET",34,8701.0,295834.0
"IN6303 BRG0010","IN6303","2022-01-28","January","CUST55539","KLINIK GM","Jakarta","Klinik","BRG0010","PARACETAMOL","SLCYL","BOTOL",95,6940.0,659300.0
"IN6287 BRG0002","IN6287","2022-01-30","January","CUST55391","KLINIK SAHABAT","Tangerang","Klinik","BRG0002","ALERGINE TABLET SALUT","ETIKAL","DUS",17,2338.0,39746.0
"IN6245 BRG0008","IN6245","2022-01-30","January","CUST55397","KLINIK GM","Jakarta","Klinik","BRG0008","TETRACYCLINE KAPSUL 250 MG","MARCKS","TABLET",34,3992.0,135728.0
"IN6176 BRG0004","IN6176","2022-01-30","January","CUST55403","APOTEK MAJA","Kuningan","Apotek","BRG0004","TRAMADOL KAPSUL 50 MG","VNS","TABLET",18,8701.0,156618.0
"IN6108 BRG0004","IN6108","2022-01-30","January","CUST55409","KLINIK DR. ANDRI","Lampung","Klinik","BRG0004","TRAMADOL KAPSUL 50 MG","VNS","TABLET",21,6940.0,145740.0
"IN6281 BRG0006","IN6281","2022-01-30","January","CUST55415","APOTEK SINAR JAYA","Bekasi","Apotek","BRG0006","KETOCONAZOLE TABLET 200 MG","OGB & PH","TABLET",10,2819.0,28190.0
"IN6163 BRG0002","IN6163","2022-01-30","January","CUST55421","KLINIK SAHABAT","Tangerang","Klinik","BRG0002","ALERGINE TABLET SALUT","ETIKAL","DUS",5,2338.0,11690.0
"IN6248 BRG0008","IN6248","2022-01-30","January","CUST55427","KLINIK GM","Jakarta","Klinik","BRG0008","TETRACYCLINE KAPSUL 250 MG","MARCKS","TABLET",100,3992.0,399200.0
"IN6104 BRG0004","IN6104","2022-01-30","January","CUST55433","APOTEK MAJA","Kuningan","Apotek","BRG0004","TRAMADOL KAPSUL 50 MG","VNS","TABLET",45,8701.0,391545.0
"IN6323 BRG0004","IN6323","2022-01-30","January","CUST55439","KLINIK DR. ANDRI","Lampung","Klinik","BRG0004","TRAMADOL KAPSUL 50 MG","VNS","TABLET",6,6940.0,41640.0
"IN6122 BRG0006","IN6122","2022-01-30","January","CUST55445","APOTEK SINAR JAYA","Bekasi","Apotek","BRG0006","KETOCONAZOLE TABLET 200 MG","OGB & PH","TABLET",21,2819.0,59199.0
"IN6235 BRG0002","IN6235","2022-01-30","January","CUST55451","KLINIK SAHABAT","Tangerang","Klinik","BRG0002","ALERGINE TABLET SALUT","ETIKAL","DUS",10,2338.0,23380.0
"IN6099 BRG0008","IN6099","2022-01-30","January","CUST55457","KLINIK GM","Jakarta","Klinik","BRG0008","TETRACYCLINE KAPSUL 250 MG","MARCKS","TABLET",5,3992.0,19960.0
"IN6256 BRG0004","IN6256","2022-01-30","January","CUST55463","APOTEK MAJA","Kuningan","Apotek","BRG0004","TRAMADOL KAPSUL 50 MG","VNS","TABLET",12,8701.0,104412.0
"IN6008 BRG0004","IN6008","2022-01-30","January","CUST55469","KLINIK DR. ANDRI","Lampung","Klinik","BRG0004","TRAMADOL KAPSUL 50 MG","VNS","TABLET",12,6940.0,83280.0
"IN6208 BRG0006","IN6208","2022-01-30","January","CUST55475","APOTEK SINAR JAYA","Bekasi","Apotek","BRG0006","KETOCONAZOLE TABLET 200 MG","OGB & PH","TABLET",8,2819.0,22552.0
"IN6276 BRG0002","IN6276","2022-01-30","January","CUST55481","KLINIK SAHABAT","Tangerang","Klinik","BRG0002","ALERGINE TABLET SALUT","ETIKAL","DUS",1,2338.0,2338.0
"IN6083 BRG0008","IN6083","2022-01-30","January","CUST55487","KLINIK GM","Jakarta","Klinik","BRG0008","TETRACYCLINE KAPSUL 250 MG","MARCKS","TABLET",2,3992.0,7984.0
"IN6305 BRG0004","IN6305","2022-01-30","January","CUST55493","APOTEK MAJA","Kuningan","Apotek","BRG0004","TRAMADOL KAPSUL 50 MG","VNS","TABLET",14,8701.0,121814.0
"IN6278 BRG0004","IN6278","2022-01-30","January","CUST55499","KLINIK DR. ANDRI","Lampung","Klinik","BRG0004","TRAMADOL KAPSUL 50 MG","VNS","TABLET",14,6940.0,97160.0
"IN6170 BRG0006","IN6170","2022-01-30","January","CUST55505","APOTEK SINAR JAYA","Bekasi","Apotek","BRG0006","KETOCONAZOLE TABLET 200 MG","OGB & PH","TABLET",14,2819.0,39466.0
"IN6107 BRG0002","IN6107","2022-01-30","January","CUST55511","KLINIK SAHABAT","Tangerang","Klinik","BRG0002","ALERGINE TABLET SALUT","ETIKAL","DUS",24,2338.0,56112.0
"IN6038 BRG0008","IN6038","2022-01-30","January","CUST55517","KLINIK GM","Jakarta","Klinik","BRG0008","TETRACYCLINE KAPSUL 250 MG","MARCKS","TABLET",98,3992.0,391216.0
"IN6025 BRG0004","IN6025","2022-01-30","January","CUST55523","APOTEK MAJA","Kuningan","Apotek","BRG0004","TRAMADOL KAPSUL 50 MG","VNS","TABLET",7,8701.0,60907.0
"IN6279 BRG0004","IN6279","2022-01-30","January","CUST55529","KLINIK DR. ANDRI","Lampung","Klinik","BRG0004","TRAMADOL KAPSUL 50 MG","VNS","TABLET",20,6940.0,138800.0
"IN5982 BRG0006","IN5982","2022-01-30","January","CUST55535","APOTEK SINAR JAYA","Bekasi","Apotek","BRG0006","KETOCONAZOLE TABLET 200 MG","OGB & PH","TABLET",5,2819.0,14095.0
"IN6240 BRG0002","IN6240","2022-01-30","January","CUST55541","KLINIK SAHABAT","Tangerang","Klinik","BRG0002","ALERGINE TABLET SALUT","ETIKAL","DUS",48,2338.0,112224.0
"IN6102 BRG0003","IN6102","2022-01-31","January","CUST55392","APOTEK SINAR JAYA","Bekasi","Apotek","BRG0003","AMPICILLIN","MARCKS","BOTOL",11,10691.0,117601.0
"IN6195 BRG0009","IN6195","2022-01-31","January","CUST55398","APOTEK MERDEKA","Bandung","Apotek","BRG0009","AMBROXOL HC","VNS","BOTOL",67,5781.0,387327.0
"IN6175 BRG0005","IN6175","2022-01-31","January","CUST55404","KLINIK GM","Jakarta","Klinik","BRG0005","KLORPROMAZINA TABLET SALUT SELAPUT 100 MG","SLCYL","TABLET",18,5648.0,101664.0
"IN6321 BRG0001","IN6321","2022-01-31","January","CUST55410","APOTEK TAPAK","Aceh","Apotek","BRG0001","ACYCLOVIR DUS","OGB & PH","DUS",22,1170.0,25740.0
"IN6226 BRG0007","IN6226","2022-01-31","January","CUST55416","APOTEK SAHABAT","Padang","Apotek","BRG0007","ERGOTAMINE COFFEINE","ETIKAL","BOTOL",23,4592.0,105616.0
"IN6191 BRG0003","IN6191","2022-01-31","January","CUST55422","APOTEK SINAR JAYA","Bekasi","Apotek","BRG0003","AMPICILLIN","MARCKS","BOTOL",4,10691.0,42764.0
"IN6042 BRG0009","IN6042","2022-01-31","January","CUST55428","APOTEK MERDEKA","Bandung","Apotek","BRG0009","AMBROXOL HC","VNS","BOTOL",67,5781.0,387327.0
"IN6050 BRG0005","IN6050","2022-01-31","January","CUST55434","KLINIK GM","Jakarta","Klinik","BRG0005","KLORPROMAZINA TABLET SALUT SELAPUT 100 MG","SLCYL","TABLET",34,5648.0,192032.0
"IN6241 BRG0001","IN6241","2022-01-31","January","CUST55440","APOTEK TAPAK","Aceh","Apotek","BRG0001","ACYCLOVIR DUS","OGB & PH","DUS",79,1170.0,92430.0
"IN6255 BRG0007","IN6255","2022-01-31","January","CUST55446","APOTEK SAHABAT","Padang","Apotek","BRG0007","ERGOTAMINE COFFEINE","ETIKAL","BOTOL",22,4592.0,101024.0
"IN6263 BRG0003","IN6263","2022-01-31","January","CUST55452","APOTEK SINAR JAYA","Bekasi","Apotek","BRG0003","AMPICILLIN","MARCKS","BOTOL",130,10691.0,1389830.0
"IN6326 BRG0009","IN6326","2022-01-31","January","CUST55458","APOTEK MERDEKA","Bandung","Apotek","BRG0009","AMBROXOL HC","VNS","BOTOL",4,5781.0,23124.0
"IN6048 BRG0005","IN6048","2022-01-31","January","CUST55464","KLINIK GM","Jakarta","Klinik","BRG0005","KLORPROMAZINA TABLET SALUT SELAPUT 100 MG","SLCYL","TABLET",25,5648.0,141200.0
"IN6040 BRG0001","IN6040","2022-01-31","January","CUST55470","APOTEK TAPAK","Aceh","Apotek","BRG0001","ACYCLOVIR DUS","OGB & PH","DUS",10,1170.0,11700.0
"IN6148 BRG0007","IN6148","2022-01-31","January","CUST55476","APOTEK SAHABAT","Padang","Apotek","BRG0007","ERGOTAMINE COFFEINE","ETIKAL","BOTOL",9,4592.0,41328.0
"IN6015 BRG0003","IN6015","2022-01-31","January","CUST55482","APOTEK SINAR JAYA","Bekasi","Apotek","BRG0003","AMPICILLIN","MARCKS","BOTOL",5,10691.0,53455.0
"IN6322 BRG0009","IN6322","2022-01-31","January","CUST55488","APOTEK MERDEKA","Bandung","Apotek","BRG0009","AMBROXOL HC","VNS","BOTOL",17,5781.0,98277.0
"IN6079 BRG0005","IN6079","2022-01-31","January","CUST55494","KLINIK GM","Jakarta","Klinik","BRG0005","KLORPROMAZINA TABLET SALUT SELAPUT 100 MG","SLCYL","TABLET",34,5648.0,192032.0
"IN6186 BRG0001","IN6186","2022-01-31","January","CUST55500","APOTEK TAPAK","Aceh","Apotek","BRG0001","ACYCLOVIR DUS","OGB & PH","DUS",18,1170.0,21060.0
"IN6045 BRG0007","IN6045","2022-01-31","January","CUST55506","APOTEK SAHABAT","Padang","Apotek","BRG0007","ERGOTAMINE COFFEINE","ETIKAL","BOTOL",21,4592.0,96432.0
"IN6152 BRG0003","IN6152","2022-01-31","January","CUST55512","APOTEK SINAR JAYA","Bekasi","Apotek","BRG0003","AMPICILLIN","MARCKS","BOTOL",10,10691.0,106910.0
"IN6130 BRG0009","IN6130","2022-01-31","January","CUST55518","APOTEK MERDEKA","Bandung","Apotek","BRG0009","AMBROXOL HC","VNS","BOTOL",5,5781.0,28905.0
"IN6203 BRG0005","IN6203","2022-01-31","January","CUST55524","KLINIK GM","Jakarta","Klinik","BRG0005","KLORPROMAZINA TABLET SALUT SELAPUT 100 MG","SLCYL","TABLET",100,5648.0,564800.0
"IN6196 BRG0001","IN6196","2022-01-31","January","CUST55530","APOTEK TAPAK","Aceh","Apotek","BRG0001","ACYCLOVIR DUS","OGB & PH","DUS",45,1170.0,52650.0
"IN6068 BRG0007","IN6068","2022-01-31","January","CUST55536","APOTEK SAHABAT","Padang","Apotek","BRG0007","ERGOTAMINE COFFEINE","ETIKAL","BOTOL",6,4592.0,27552.0
"IN6244 BRG0003","IN6244","2022-01-31","January","CUST55542","APOTEK SINAR JAYA","Bekasi","Apotek","BRG0003","AMPICILLIN","MARCKS","BOTOL",21,10691.0,224511.0
"IN6301 BRG0004","IN6301","2022-02-01","February","CUST55393","APOTEK SAHABAT","Padang","Apotek","BRG0004","TRAMADOL KAPSUL 50 MG","VNS","TABLET",12,8701.0,104412.0
"IN6023 BRG0010","IN6023","2022-02-01","February","CUST55399","KLINIK SAHABAT","Tangerang","Klinik","BRG0010","PARACETAMOL","SLCYL","BOTOL",15,6940.0,104100.0
"IN6259 BRG0006","IN6259","2022-02-01","February","CUST55405","APOTEK MERDEKA","Bandung","Apotek","BRG0006","KETOCONAZOLE TABLET 200 MG","OGB & PH","TABLET",19,2819.0,53561.0
"IN5994 BRG0002","IN5994","2022-02-01","February","CUST55411","APOTEK MAJA","Kuningan","Apotek","BRG0002","ALERGINE TABLET SALUT","ETIKAL","DUS",12,2338.0,28056.0
"IN6063 BRG0008","IN6063","2022-02-01","February","CUST55417","APOTEK TAPAK","Aceh","Apotek","BRG0008","TETRACYCLINE KAPSUL 250 MG","MARCKS","TABLET",12,3992.0,47904.0
"IN6274 BRG0004","IN6274","2022-02-01","February","CUST55423","APOTEK SAHABAT","Padang","Apotek","BRG0004","TRAMADOL KAPSUL 50 MG","VNS","TABLET",8,8701.0,69608.0
"IN6133 BRG0010","IN6133","2022-02-01","February","CUST55429","KLINIK SAHABAT","Tangerang","Klinik","BRG0010","PARACETAMOL","SLCYL","BOTOL",78,6940.0,541320.0
"IN6054 BRG0006","IN6054","2022-02-01","February","CUST55435","APOTEK MERDEKA","Bandung","Apotek","BRG0006","KETOCONAZOLE TABLET 200 MG","OGB & PH","TABLET",34,2819.0,95846.0
"IN6134 BRG0002","IN6134","2022-02-01","February","CUST55441","APOTEK MAJA","Kuningan","Apotek","BRG0002","ALERGINE TABLET SALUT","ETIKAL","DUS",12,2338.0,28056.0
"IN6005 BRG0008","IN6005","2022-02-01","February","CUST55447","APOTEK TAPAK","Aceh","Apotek","BRG0008","TETRACYCLINE KAPSUL 250 MG","MARCKS","TABLET",12,3992.0,47904.0
"IN6269 BRG0004","IN6269","2022-02-01","February","CUST55453","APOTEK SAHABAT","Padang","Apotek","BRG0004","TRAMADOL KAPSUL 50 MG","VNS","TABLET",12,8701.0,104412.0
"IN6267 BRG0010","IN6267","2022-02-01","February","CUST55459","KLINIK SAHABAT","Tangerang","Klinik","BRG0010","PARACETAMOL","SLCYL","BOTOL",8,6940.0,55520.0
"IN6120 BRG0006","IN6120","2022-02-01","February","CUST55465","APOTEK MERDEKA","Bandung","Apotek","BRG0006","KETOCONAZOLE TABLET 200 MG","OGB & PH","TABLET",14,2819.0,39466.0
"IN6084 BRG0002","IN6084","2022-02-01","February","CUST55471","APOTEK MAJA","Kuningan","Apotek","BRG0002","ALERGINE TABLET SALUT","ETIKAL","DUS",67,2338.0,156646.0
"IN6072 BRG0008","IN6072","2022-02-01","February","CUST55477","APOTEK TAPAK","Aceh","Apotek","BRG0008","TETRACYCLINE KAPSUL 250 MG","MARCKS","TABLET",1,3992.0,3992.0
"IN6185 BRG0004","IN6185","2022-02-01","February","CUST55483","APOTEK SAHABAT","Padang","Apotek","BRG0004","TRAMADOL KAPSUL 50 MG","VNS","TABLET",9,8701.0,78309.0
"IN6291 BRG0010","IN6291","2022-02-01","February","CUST55489","KLINIK SAHABAT","Tangerang","Klinik","BRG0010","PARACETAMOL","SLCYL","BOTOL",11,6940.0,76340.0
"IN6320 BRG0006","IN6320","2022-02-01","February","CUST55495","APOTEK MERDEKA","Bandung","Apotek","BRG0006","KETOCONAZOLE TABLET 200 MG","OGB & PH","TABLET",67,2819.0,188873.0
"IN6211 BRG0002","IN6211","2022-02-01","February","CUST55501","APOTEK MAJA","Kuningan","Apotek","BRG0002","ALERGINE TABLET SALUT","ETIKAL","DUS",18,2338.0,42084.0
"IN6300 BRG0008","IN6300","2022-02-01","February","CUST55507","APOTEK TAPAK","Aceh","Apotek","BRG0008","TETRACYCLINE KAPSUL 250 MG","MARCKS","TABLET",22,3992.0,87824.0
"IN6017 BRG0004","IN6017","2022-02-01","February","CUST55513","APOTEK SAHABAT","Padang","Apotek","BRG0004","TRAMADOL KAPSUL 50 MG","VNS","TABLET",23,8701.0,200123.0
"IN6293 BRG0010","IN6293","2022-02-01","February","CUST55519","KLINIK SAHABAT","Tangerang","Klinik","BRG0010","PARACETAMOL","SLCYL","BOTOL",4,6940.0,27760.0
"IN6243 BRG0006","IN6243","2022-02-01","February","CUST55525","APOTEK MERDEKA","Bandung","Apotek","BRG0006","KETOCONAZOLE TABLET 200 MG","OGB & PH","TABLET",67,2819.0,188873.0
"IN6266 BRG0002","IN6266","2022-02-01","February","CUST55531","APOTEK MAJA","Kuningan","Apotek","BRG0002","ALERGINE TABLET SALUT","ETIKAL","DUS",34,2338.0,79492.0
"IN6128 BRG0008","IN6128","2022-02-01","February","CUST55537","APOTEK TAPAK","Aceh","Apotek","BRG0008","TETRACYCLINE KAPSUL 250 MG","MARCKS","TABLET",79,3992.0,315368.0
"IN6060 BRG0004","IN6060","2022-02-01","February","CUST55543","APOTEK SAHABAT","Padang","Apotek","BRG0004","TRAMADOL KAPSUL 50 MG","VNS","TABLET",22,8701.0,191422.0
"IN6254 BRG0005","IN6254","2022-02-02","February","CUST55544","KLINIK DR. ANDRI","Lampung","Klinik","BRG0005","KLORPROMAZINA TABLET SALUT SELAPUT 100 MG","SLCYL","TABLET",12,5648.0,67776.0
"IN6171 BRG0006","IN6171","2022-02-03","February","CUST55545","APOTEK TAPAK","Aceh","Apotek","BRG0006","KETOCONAZOLE TABLET 200 MG","OGB & PH","TABLET",25,2819.0,70475.0
"IN6002 BRG0007","IN6002","2022-02-04","February","CUST55546","APOTEK MAJA","Kuningan","Apotek","BRG0007","ERGOTAMINE COFFEINE","ETIKAL","BOTOL",14,4592.0,64288.0
"IN6261 BRG0008","IN6261","2022-02-05","February","CUST55547","KLINIK GM","Jakarta","Klinik","BRG0008","TETRACYCLINE KAPSUL 250 MG","MARCKS","TABLET",24,3992.0,95808.0
"IN6088 BRG0009","IN6088","2022-02-06","February","CUST55548","APOTEK MERDEKA","Bandung","Apotek","BRG0009","AMBROXOL HC","VNS","BOTOL",10,5781.0,57810.0
"IN6181 BRG0010","IN6181","2022-02-07","February","CUST55549","KLINIK SAHABAT","Tangerang","Klinik","BRG0010","PARACETAMOL","SLCYL","BOTOL",130,6940.0,902200.0
"IN6135 BRG0001","IN6135","2022-02-08","February","CUST55550","APOTEK SINAR JAYA","Bekasi","Apotek","BRG0001","ACYCLOVIR DUS","OGB & PH","DUS",12,1170.0,14040.0
"IN5988 BRG0002","IN5988","2022-02-09","February","CUST55551","APOTEK SAHABAT","Padang","Apotek","BRG0002","ALERGINE TABLET SALUT","ETIKAL","DUS",10,2338.0,23380.0
"IN6234 BRG0003","IN6234","2022-02-10","February","CUST55552","APOTEK TAPAK","Aceh","Apotek","BRG0003","AMPICILLIN","MARCKS","BOTOL",67,10691.0,716297.0
"IN6319 BRG0004","IN6319","2022-02-11","February","CUST55553","APOTEK MAJA","Kuningan","Apotek","BRG0004","TRAMADOL KAPSUL 50 MG","VNS","TABLET",98,8701.0,852698.0
"IN6006 BRG0005","IN6006","2022-02-12","February","CUST55554","KLINIK GM","Jakarta","Klinik","BRG0005","KLORPROMAZINA TABLET SALUT SELAPUT 100 MG","SLCYL","TABLET",5,5648.0,28240.0
"IN6147 BRG0006","IN6147","2022-02-13","February","CUST55555","APOTEK MERDEKA","Bandung","Apotek","BRG0006","KETOCONAZOLE TABLET 200 MG","OGB & PH","TABLET",4,2819.0,11276.0
"IN6129 BRG0001","IN6129","2022-02-14","February","CUST55556","KLINIK SAHABAT","Tangerang","Klinik","BRG0001","ACYCLOVIR DUS","OGB & PH","DUS",8,4592.0,36736.0
"IN5986 BRG0002","IN5986","2022-02-15","February","CUST55557","APOTEK SINAR JAYA","Bekasi","Apotek","BRG0002","ALERGINE TABLET SALUT","ETIKAL","DUS",9,3992.0,35928.0
"IN6026 BRG0003","IN6026","2022-02-16","February","CUST55558","APOTEK SAHABAT","Padang","Apotek","BRG0003","AMPICILLIN","MARCKS","BOTOL",21,5781.0,121401.0
"IN6224 BRG0004","IN6224","2022-02-17","February","CUST55559","KLINIK DR. ANDRI","Lampung","Klinik","BRG0004","TRAMADOL KAPSUL 50 MG","VNS","TABLET",22,6940.0,152680.0
"IN6087 BRG0001","IN6087","2022-02-18","February","CUST55560","APOTEK TAPAK","Aceh","Apotek","BRG0001","ACYCLOVIR DUS","OGB & PH","DUS",12,1170.0,14040.0
"IN6096 BRG0002","IN6096","2022-02-19","February","CUST55561","APOTEK MAJA","Kuningan","Apotek","BRG0002","ALERGINE TABLET SALUT","ETIKAL","DUS",25,2338.0,58450.0
"IN6034 BRG0003","IN6034","2022-02-20","February","CUST55562","KLINIK GM","Jakarta","Klinik","BRG0003","AMPICILLIN","MARCKS","BOTOL",14,10691.0,149674.0
"IN6231 BRG0004","IN6231","2022-02-21","February","CUST55563","APOTEK MERDEKA","Bandung","Apotek","BRG0004","TRAMADOL KAPSUL 50 MG","VNS","TABLET",24,8701.0,208824.0
"IN6260 BRG0005","IN6260","2022-02-22","February","CUST55564","KLINIK SAHABAT","Tangerang","Klinik","BRG0005","KLORPROMAZINA TABLET SALUT SELAPUT 100 MG","SLCYL","TABLET",10,5648.0,56480.0
"IN6302 BRG0006","IN6302","2022-02-23","February","CUST55565","APOTEK SINAR JAYA","Bekasi","Apotek","BRG0006","KETOCONAZOLE TABLET 200 MG","OGB & PH","TABLET",120,2819.0,338280.0
"IN6061 BRG0007","IN6061","2022-02-24","February","CUST55566","APOTEK SAHABAT","Padang","Apotek","BRG0007","ERGOTAMINE COFFEINE","ETIKAL","BOTOL",12,4592.0,55104.0
"IN6011 BRG0008","IN6011","2022-02-25","February","CUST55567","APOTEK TAPAK","Aceh","Apotek","BRG0008","TETRACYCLINE KAPSUL 250 MG","MARCKS","TABLET",10,3992.0,39920.0
"IN6275 BRG0009","IN6275","2022-02-26","February","CUST55568","APOTEK MAJA","Kuningan","Apotek","BRG0009","AMBROXOL HC","VNS","BOTOL",67,5781.0,387327.0
"IN6114 BRG0010","IN6114","2022-02-27","February","CUST55569","KLINIK GM","Jakarta","Klinik","BRG0010","PARACETAMOL","SLCYL","BOTOL",98,6940.0,680120.0
"IN6041 BRG0001","IN6041","2022-02-28","February","CUST55570","APOTEK MERDEKA","Bandung","Apotek","BRG0001","ACYCLOVIR DUS","OGB & PH","DUS",5,1170.0,5850.0
"IN6069 BRG0002","IN6069","2022-03-01","March","CUST55571","KLINIK SAHABAT","Tangerang","Klinik","BRG0002","ALERGINE TABLET SALUT","ETIKAL","DUS",4,2338.0,9352.0
"IN6239 BRG0003","IN6239","2022-03-02","March","CUST55572","APOTEK SINAR JAYA","Bekasi","Apotek","BRG0003","AMPICILLIN","MARCKS","BOTOL",8,10691.0,85528.0
"IN6137 BRG0004","IN6137","2022-03-03","March","CUST55573","APOTEK SAHABAT","Padang","Apotek","BRG0004","TRAMADOL KAPSUL 50 MG","VNS","TABLET",9,8701.0,78309.0
"IN6189 BRG0005","IN6189","2022-03-04","March","CUST55574","KLINIK DR. ANDRI","Lampung","Klinik","BRG0005","KLORPROMAZINA TABLET SALUT SELAPUT 100 MG","SLCYL","TABLET",1,5648.0,5648.0
"IN6229 BRG0006","IN6229","2022-03-05","March","CUST55575","APOTEK TAPAK","Aceh","Apotek","BRG0006","KETOCONAZOLE TABLET 200 MG","OGB & PH","TABLET",5,2819.0,14095.0
"IN6110 BRG0007","IN6110","2022-03-06","March","CUST55576","APOTEK MAJA","Kuningan","Apotek","BRG0007","ERGOTAMINE COFFEINE","ETIKAL","BOTOL",9,4592.0,41328.0
"IN6182 BRG0008","IN6182","2022-03-07","March","CUST55577","KLINIK GM","Jakarta","Klinik","BRG0008","TETRACYCLINE KAPSUL 250 MG","MARCKS","TABLET",13,3992.0,51896.0
"IN6164 BRG0009","IN6164","2022-03-08","March","CUST55578","APOTEK MERDEKA","Bandung","Apotek","BRG0009","AMBROXOL HC","VNS","BOTOL",1,5781.0,5781.0
"IN6016 BRG0010","IN6016","2022-03-09","March","CUST55579","KLINIK SAHABAT","Tangerang","Klinik","BRG0010","PARACETAMOL","SLCYL","BOTOL",5,6940.0,34700.0
"IN6043 BRG0001","IN6043","2022-03-10","March","CUST55580","APOTEK SINAR JAYA","Bekasi","Apotek","BRG0001","ACYCLOVIR DUS","OGB & PH","DUS",9,1170.0,10530.0
"IN6020 BRG0002","IN6020","2022-03-11","March","CUST55581","APOTEK SAHABAT","Padang","Apotek","BRG0002","ALERGINE TABLET SALUT","ETIKAL","DUS",1,2338.0,2338.0
"IN6206 BRG0003","IN6206","2022-03-12","March","CUST55582","APOTEK TAPAK","Aceh","Apotek","BRG0003","AMPICILLIN","MARCKS","BOTOL",23,10691.0,245893.0
"IN6055 BRG0004","IN6055","2022-03-13","March","CUST55583","APOTEK MAJA","Kuningan","Apotek","BRG0004","TRAMADOL KAPSUL 50 MG","VNS","TABLET",4,8701.0,34804.0
"IN6092 BRG0005","IN6092","2022-03-14","March","CUST55584","KLINIK GM","Jakarta","Klinik","BRG0005","KLORPROMAZINA TABLET SALUT SELAPUT 100 MG","SLCYL","TABLET",2,5648.0,11296.0
"IN6177 BRG0006","IN6177","2022-03-15","March","CUST55585","APOTEK MERDEKA","Bandung","Apotek","BRG0006","KETOCONAZOLE TABLET 200 MG","OGB & PH","TABLET",17,2819.0,47923.0
"IN6209 BRG0001","IN6209","2022-03-16","March","CUST55586","KLINIK SAHABAT","Tangerang","Klinik","BRG0001","ACYCLOVIR DUS","OGB & PH","DUS",11,4592.0,50512.0
"IN6250 BRG0002","IN6250","2022-03-17","March","CUST55587","APOTEK SINAR JAYA","Bekasi","Apotek","BRG0002","ALERGINE TABLET SALUT","ETIKAL","DUS",12,3992.0,47904.0
"IN6193 BRG0003","IN6193","2022-03-18","March","CUST55588","APOTEK SAHABAT","Padang","Apotek","BRG0003","AMPICILLIN","MARCKS","BOTOL",12,5781.0,69372.0
"IN6081 BRG0004","IN6081","2022-03-19","March","CUST55589","KLINIK DR. ANDRI","Lampung","Klinik","BRG0004","TRAMADOL KAPSUL 50 MG","VNS","TABLET",25,6940.0,173500.0
"IN6149 BRG0001","IN6149","2022-03-20","March","CUST55590","APOTEK TAPAK","Aceh","Apotek","BRG0001","ACYCLOVIR DUS","OGB & PH","DUS",14,1170.0,16380.0
"IN6014 BRG0002","IN6014","2022-03-21","March","CUST55591","APOTEK MAJA","Kuningan","Apotek","BRG0002","ALERGINE TABLET SALUT","ETIKAL","DUS",34,2338.0,79492.0
"IN6290 BRG0003","IN6290","2022-03-22","March","CUST55592","KLINIK GM","Jakarta","Klinik","BRG0003","AMPICILLIN","MARCKS","BOTOL",67,10691.0,716297.0
"IN6051 BRG0004","IN6051","2022-03-23","March","CUST55593","APOTEK MERDEKA","Bandung","Apotek","BRG0004","TRAMADOL KAPSUL 50 MG","VNS","TABLET",15,8701.0,130515.0
"IN6076 BRG0005","IN6076","2022-03-24","March","CUST55594","KLINIK SAHABAT","Tangerang","Klinik","BRG0005","KLORPROMAZINA TABLET SALUT SELAPUT 100 MG","SLCYL","TABLET",12,5648.0,67776.0
"IN6140 BRG0006","IN6140","2022-03-25","March","CUST55595","APOTEK SINAR JAYA","Bekasi","Apotek","BRG0006","KETOCONAZOLE TABLET 200 MG","OGB & PH","TABLET",25,2819.0,70475.0
"IN6080 BRG0007","IN6080","2022-03-26","March","CUST55596","APOTEK SAHABAT","Padang","Apotek","BRG0007","ERGOTAMINE COFFEINE","ETIKAL","BOTOL",14,4592.0,64288.0
"IN6153 BRG0008","IN6153","2022-03-27","March","CUST55597","APOTEK TAPAK","Aceh","Apotek","BRG0008","TETRACYCLINE KAPSUL 250 MG","MARCKS","TABLET",18,3992.0,71856.0
"IN5979 BRG0009","IN5979","2022-03-28","March","CUST55598","APOTEK MAJA","Kuningan","Apotek","BRG0009","AMBROXOL HC","VNS","BOTOL",18,5781.0,104058.0
"IN6098 BRG0010","IN6098","2022-03-29","March","CUST55599","KLINIK GM","Jakarta","Klinik","BRG0010","PARACETAMOL","SLCYL","BOTOL",19,6940.0,131860.0
"IN6078 BRG0001","IN6078","2022-03-30","March","CUST55600","APOTEK MERDEKA","Bandung","Apotek","BRG0001","ACYCLOVIR DUS","OGB & PH","DUS",12,1170.0,14040.0
"IN6085 BRG0002","IN6085","2022-03-31","March","CUST55601","KLINIK SAHABAT","Tangerang","Klinik","BRG0002","ALERGINE TABLET SALUT","ETIKAL","DUS",25,2338.0,58450.0
"IN6018 BRG0003","IN6018","2022-04-01","April","CUST55602","APOTEK SINAR JAYA","Bekasi","Apotek","BRG0003","AMPICILLIN","MARCKS","BOTOL",14,10691.0,149674.0
"IN6001 BRG0004","IN6001","2022-04-02","April","CUST55603","APOTEK SAHABAT","Padang","Apotek","BRG0004","TRAMADOL KAPSUL 50 MG","VNS","TABLET",21,8701.0,182721.0
"IN6271 BRG0005","IN6271","2022-04-03","April","CUST55604","KLINIK DR. ANDRI","Lampung","Klinik","BRG0005","KLORPROMAZINA TABLET SALUT SELAPUT 100 MG","SLCYL","TABLET",22,5648.0,124256.0
"IN6207 BRG0006","IN6207","2022-04-04","April","CUST55605","APOTEK TAPAK","Aceh","Apotek","BRG0006","KETOCONAZOLE TABLET 200 MG","OGB & PH","TABLET",12,2819.0,33828.0
"IN6187 BRG0007","IN6187","2022-04-05","April","CUST55606","APOTEK MAJA","Kuningan","Apotek","BRG0007","ERGOTAMINE COFFEINE","ETIKAL","BOTOL",25,4592.0,114800.0
"IN5995 BRG0008","IN5995","2022-04-06","April","CUST55607","KLINIK GM","Jakarta","Klinik","BRG0008","TETRACYCLINE KAPSUL 250 MG","MARCKS","TABLET",14,3992.0,55888.0
"IN6156 BRG0009","IN6156","2022-04-07","April","CUST55608","APOTEK MERDEKA","Bandung","Apotek","BRG0009","AMBROXOL HC","VNS","BOTOL",24,5781.0,138744.0
"IN6232 BRG0010","IN6232","2022-04-08","April","CUST55609","KLINIK SAHABAT","Tangerang","Klinik","BRG0010","PARACETAMOL","SLCYL","BOTOL",10,6940.0,69400.0
"IN5998 BRG0001","IN5998","2022-04-09","April","CUST55610","APOTEK SINAR JAYA","Bekasi","Apotek","BRG0001","ACYCLOVIR DUS","OGB & PH","DUS",23,1170.0,26910.0
"IN6227 BRG0002","IN6227","2022-04-10","April","CUST55611","APOTEK SAHABAT","Padang","Apotek","BRG0002","ALERGINE TABLET SALUT","ETIKAL","DUS",12,2338.0,28056.0
"IN6027 BRG0003","IN6027","2022-04-11","April","CUST55612","APOTEK TAPAK","Aceh","Apotek","BRG0003","AMPICILLIN","MARCKS","BOTOL",10,10691.0,106910.0
"IN6157 BRG0004","IN6157","2022-04-12","April","CUST55613","APOTEK MAJA","Kuningan","Apotek","BRG0004","TRAMADOL KAPSUL 50 MG","VNS","TABLET",67,8701.0,582967.0
"IN6180 BRG0005","IN6180","2022-04-13","April","CUST55614","KLINIK GM","Jakarta","Klinik","BRG0005","KLORPROMAZINA TABLET SALUT SELAPUT 100 MG","SLCYL","TABLET",98,5648.0,553504.0
"IN6257 BRG0006","IN6257","2022-04-14","April","CUST55615","APOTEK MERDEKA","Bandung","Apotek","BRG0006","KETOCONAZOLE TABLET 200 MG","OGB & PH","TABLET",5,2819.0,14095.0
"IN6031 BRG0001","IN6031","2022-04-15","April","CUST55616","KLINIK SAHABAT","Tangerang","Klinik","BRG0001","ACYCLOVIR DUS","OGB & PH","DUS",4,4592.0,18368.0
"IN6082 BRG0002","IN6082","2022-04-16","April","CUST55617","APOTEK SINAR JAYA","Bekasi","Apotek","BRG0002","ALERGINE TABLET SALUT","ETIKAL","DUS",8,3992.0,31936.0
"IN6075 BRG0009","IN6075","2022-04-16","April","CUST55638","APOTEK MERDEKA","Bandung","Apotek","BRG0009","AMBROXOL HC","VNS","BOTOL",48,5781.0,277488.0
"IN6174 BRG0003","IN6174","2022-04-17","April","CUST55618","APOTEK SAHABAT","Padang","Apotek","BRG0003","AMPICILLIN","MARCKS","BOTOL",9,5781.0,52029.0
"IN6218 BRG0010","IN6218","2022-04-17","April","CUST55639","KLINIK SAHABAT","Tangerang","Klinik","BRG0010","PARACETAMOL","SLCYL","BOTOL",21,6940.0,145740.0
"IN6237 BRG0004","IN6237","2022-04-18","April","CUST55619","KLINIK DR. ANDRI","Lampung","Klinik","BRG0004","TRAMADOL KAPSUL 50 MG","VNS","TABLET",10,6940.0,69400.0
"IN5985 BRG0001","IN5985","2022-04-18","April","CUST55640","APOTEK SINAR JAYA","Bekasi","Apotek","BRG0001","ACYCLOVIR DUS","OGB & PH","DUS",22,1170.0,25740.0
"IN6194 BRG0009","IN6194","2022-04-18","April","CUST55658","APOTEK MAJA","Kuningan","Apotek","BRG0009","AMBROXOL HC","VNS","BOTOL",25,5781.0,144525.0
"IN6138 BRG0002","IN6138","2022-04-18","April","CUST55661","KLINIK SAHABAT","Tangerang","Klinik","BRG0002","ALERGINE TABLET SALUT","ETIKAL","DUS",10,2338.0,23380.0
"IN6021 BRG0001","IN6021","2022-04-19","April","CUST55620","APOTEK TAPAK","Aceh","Apotek","BRG0001","ACYCLOVIR DUS","OGB & PH","DUS",7,1170.0,8190.0
"IN6154 BRG0002","IN6154","2022-04-19","April","CUST55641","APOTEK SAHABAT","Padang","Apotek","BRG0002","ALERGINE TABLET SALUT","ETIKAL","DUS",12,2338.0,28056.0
"IN5987 BRG0010","IN5987","2022-04-19","April","CUST55659","KLINIK GM","Jakarta","Klinik","BRG0010","PARACETAMOL","SLCYL","BOTOL",14,6940.0,97160.0
"IN6316 BRG0003","IN6316","2022-04-19","April","CUST55662","APOTEK SINAR JAYA","Bekasi","Apotek","BRG0003","AMPICILLIN","MARCKS","BOTOL",120,10691.0,1282920.0
"IN6056 BRG0002","IN6056","2022-04-20","April","CUST55621","APOTEK MAJA","Kuningan","Apotek","BRG0002","ALERGINE TABLET SALUT","ETIKAL","DUS",100,2338.0,233800.0
"IN6145 BRG0003","IN6145","2022-04-20","April","CUST55642","APOTEK TAPAK","Aceh","Apotek","BRG0003","AMPICILLIN","MARCKS","BOTOL",25,10691.0,267275.0
"IN6313 BRG0001","IN6313","2022-04-20","April","CUST55660","APOTEK MERDEKA","Bandung","Apotek","BRG0001","ACYCLOVIR DUS","OGB & PH","DUS",24,1170.0,28080.0
"IN6019 BRG0004","IN6019","2022-04-20","April","CUST55663","APOTEK SAHABAT","Padang","Apotek","BRG0004","TRAMADOL KAPSUL 50 MG","VNS","TABLET",12,8701.0,104412.0
"IN5983 BRG0003","IN5983","2022-04-21","April","CUST55622","KLINIK GM","Jakarta","Klinik","BRG0003","AMPICILLIN","MARCKS","BOTOL",67,10691.0,716297.0
"IN6315 BRG0004","IN6315","2022-04-21","April","CUST55643","APOTEK MAJA","Kuningan","Apotek","BRG0004","TRAMADOL KAPSUL 50 MG","VNS","TABLET",14,8701.0,121814.0
"IN6139 BRG0004","IN6139","2022-04-22","April","CUST55623","APOTEK MERDEKA","Bandung","Apotek","BRG0004","TRAMADOL KAPSUL 50 MG","VNS","TABLET",78,8701.0,678678.0
"IN6126 BRG0005","IN6126","2022-04-23","April","CUST55624","KLINIK SAHABAT","Tangerang","Klinik","BRG0005","KLORPROMAZINA TABLET SALUT SELAPUT 100 MG","SLCYL","TABLET",45,5648.0,254160.0
"IN6127 BRG0006","IN6127","2022-04-24","April","CUST55625","APOTEK SINAR JAYA","Bekasi","Apotek","BRG0006","KETOCONAZOLE TABLET 200 MG","OGB & PH","TABLET",34,2819.0,95846.0
"IN6035 BRG0007","IN6035","2022-04-25","April","CUST55626","APOTEK SAHABAT","Padang","Apotek","BRG0007","ERGOTAMINE COFFEINE","ETIKAL","BOTOL",20,4592.0,91840.0
"IN6309 BRG0008","IN6309","2022-04-26","April","CUST55627","APOTEK TAPAK","Aceh","Apotek","BRG0008","TETRACYCLINE KAPSUL 250 MG","MARCKS","TABLET",45,3992.0,179640.0
"IN6047 BRG0006","IN6047","2022-04-26","April","CUST55635","APOTEK TAPAK","Aceh","Apotek","BRG0006","KETOCONAZOLE TABLET 200 MG","OGB & PH","TABLET",12,2819.0,33828.0
"IN6073 BRG0009","IN6073","2022-04-27","April","CUST55628","APOTEK MAJA","Kuningan","Apotek","BRG0009","AMBROXOL HC","VNS","BOTOL",34,5781.0,196554.0
"IN6071 BRG0007","IN6071","2022-04-27","April","CUST55636","APOTEK MAJA","Kuningan","Apotek","BRG0007","ERGOTAMINE COFFEINE","ETIKAL","BOTOL",95,4592.0,436240.0
"IN6277 BRG0010","IN6277","2022-04-28","April","CUST55629","KLINIK GM","Jakarta","Klinik","BRG0010","PARACETAMOL","SLCYL","BOTOL",34,6940.0,235960.0
"IN6009 BRG0008","IN6009","2022-04-28","April","CUST55637","KLINIK GM","Jakarta","Klinik","BRG0008","TETRACYCLINE KAPSUL 250 MG","MARCKS","TABLET",76,3992.0,303392.0
"IN6197 BRG0001","IN6197","2022-04-29","April","CUST55630","APOTEK MERDEKA","Bandung","Apotek","BRG0001","ACYCLOVIR DUS","OGB & PH","DUS",34,1170.0,39780.0
"IN6225 BRG0002","IN6225","2022-04-30","April","CUST55631","KLINIK SAHABAT","Tangerang","Klinik","BRG0002","ALERGINE TABLET SALUT","ETIKAL","DUS",44,2338.0,102872.0
"IN6310 BRG0004","IN6310","2022-04-30","April","CUST55693","APOTEK SAHABAT","Padang","Apotek","BRG0004","TRAMADOL KAPSUL 50 MG","VNS","TABLET",14,8701.0,121814.0
"IN6265 BRG0009","IN6265","2022-04-30","April","CUST55698","APOTEK MERDEKA","Bandung","Apotek","BRG0009","AMBROXOL HC","VNS","BOTOL",25,5781.0,144525.0
"IN6249 BRG0004","IN6249","2022-04-30","April","CUST55703","APOTEK MAJA","Kuningan","Apotek","BRG0004","TRAMADOL KAPSUL 50 MG","VNS","TABLET",25,8701.0,217525.0
"IN6132 BRG0003","IN6132","2022-04-30","April","CUST55708","APOTEK SAHABAT","Padang","Apotek","BRG0003","AMPICILLIN","MARCKS","BOTOL",12,5781.0,69372.0
"IN6106 BRG0004","IN6106","2022-04-30","April","CUST55713","APOTEK MERDEKA","Bandung","Apotek","BRG0004","TRAMADOL KAPSUL 50 MG","VNS","TABLET",4,8701.0,34804.0
"IN6097 BRG0009","IN6097","2022-04-30","April","CUST55718","APOTEK MAJA","Kuningan","Apotek","BRG0009","AMBROXOL HC","VNS","BOTOL",100,5781.0,578100.0
"IN6101 BRG0004","IN6101","2022-04-30","April","CUST55723","APOTEK SAHABAT","Padang","Apotek","BRG0004","TRAMADOL KAPSUL 50 MG","VNS","TABLET",20,8701.0,174020.0
"IN6304 BRG0009","IN6304","2022-04-30","April","CUST55728","APOTEK MERDEKA","Bandung","Apotek","BRG0009","AMBROXOL HC","VNS","BOTOL",44,5781.0,254364.0
"IN5999 BRG0003","IN5999","2022-05-01","May","CUST55632","APOTEK SINAR JAYA","Bekasi","Apotek","BRG0003","AMPICILLIN","MARCKS","BOTOL",5,10691.0,53455.0
"IN6044 BRG0005","IN6044","2022-05-01","May","CUST55694","KLINIK DR. ANDRI","Lampung","Klinik","BRG0005","KLORPROMAZINA TABLET SALUT SELAPUT 100 MG","SLCYL","TABLET",18,5648.0,101664.0
"IN6158 BRG0010","IN6158","2022-05-01","May","CUST55699","KLINIK SAHABAT","Tangerang","Klinik","BRG0010","PARACETAMOL","SLCYL","BOTOL",14,6940.0,97160.0
"IN6067 BRG0005","IN6067","2022-05-01","May","CUST55704","KLINIK GM","Jakarta","Klinik","BRG0005","KLORPROMAZINA TABLET SALUT SELAPUT 100 MG","SLCYL","TABLET",14,5648.0,79072.0
"IN6030 BRG0004","IN6030","2022-05-01","May","CUST55709","KLINIK DR. ANDRI","Lampung","Klinik","BRG0004","TRAMADOL KAPSUL 50 MG","VNS","TABLET",10,6940.0,69400.0
"IN5984 BRG0005","IN5984","2022-05-01","May","CUST55714","KLINIK SAHABAT","Tangerang","Klinik","BRG0005","KLORPROMAZINA TABLET SALUT SELAPUT 100 MG","SLCYL","TABLET",8,5648.0,45184.0
"IN5989 BRG0010","IN5989","2022-05-01","May","CUST55719","KLINIK GM","Jakarta","Klinik","BRG0010","PARACETAMOL","SLCYL","BOTOL",67,6940.0,464980.0
"IN6142 BRG0005","IN6142","2022-05-01","May","CUST55724","KLINIK DR. ANDRI","Lampung","Klinik","BRG0005","KLORPROMAZINA TABLET SALUT SELAPUT 100 MG","SLCYL","TABLET",45,5648.0,254160.0
"IN6004 BRG0010","IN6004","2022-05-01","May","CUST55729","KLINIK SAHABAT","Tangerang","Klinik","BRG0010","PARACETAMOL","SLCYL","BOTOL",5,6940.0,34700.0
"IN6223 BRG0004","IN6223","2022-05-02","May","CUST55633","APOTEK SAHABAT","Padang","Apotek","BRG0004","TRAMADOL KAPSUL 50 MG","VNS","TABLET",6,8701.0,52206.0
"IN6178 BRG0006","IN6178","2022-05-02","May","CUST55695","APOTEK TAPAK","Aceh","Apotek","BRG0006","KETOCONAZOLE TABLET 200 MG","OGB & PH","TABLET",18,2819.0,50742.0
"IN6105 BRG0001","IN6105","2022-05-02","May","CUST55700","APOTEK SINAR JAYA","Bekasi","Apotek","BRG0001","ACYCLOVIR DUS","OGB & PH","DUS",21,1170.0,24570.0
"IN6143 BRG0006","IN6143","2022-05-02","May","CUST55705","APOTEK MERDEKA","Bandung","Apotek","BRG0006","KETOCONAZOLE TABLET 200 MG","OGB & PH","TABLET",24,2819.0,67656.0
"IN6094 BRG0001","IN6094","2022-05-02","May","CUST55710","APOTEK TAPAK","Aceh","Apotek","BRG0001","ACYCLOVIR DUS","OGB & PH","DUS",67,1170.0,78390.0
"IN6007 BRG0006","IN6007","2022-05-02","May","CUST55715","APOTEK SINAR JAYA","Bekasi","Apotek","BRG0006","KETOCONAZOLE TABLET 200 MG","OGB & PH","TABLET",9,2819.0,25371.0
"IN6151 BRG0001","IN6151","2022-05-02","May","CUST55720","APOTEK MERDEKA","Bandung","Apotek","BRG0001","ACYCLOVIR DUS","OGB & PH","DUS",78,1170.0,91260.0
"IN6312 BRG0006","IN6312","2022-05-02","May","CUST55725","APOTEK TAPAK","Aceh","Apotek","BRG0006","KETOCONAZOLE TABLET 200 MG","OGB & PH","TABLET",34,2819.0,95846.0
"IN6273 BRG0005","IN6273","2022-05-03","May","CUST55634","KLINIK DR. ANDRI","Lampung","Klinik","BRG0005","KLORPROMAZINA TABLET SALUT SELAPUT 100 MG","SLCYL","TABLET",79,5648.0,446192.0
"IN6270 BRG0007","IN6270","2022-05-03","May","CUST55696","APOTEK MAJA","Kuningan","Apotek","BRG0007","ERGOTAMINE COFFEINE","ETIKAL","BOTOL",19,4592.0,87248.0
"IN6213 BRG0002","IN6213","2022-05-03","May","CUST55701","APOTEK SAHABAT","Padang","Apotek","BRG0002","ALERGINE TABLET SALUT","ETIKAL","DUS",22,2338.0,51436.0
"IN5990 BRG0001","IN5990","2022-05-03","May","CUST55706","KLINIK SAHABAT","Tangerang","Klinik","BRG0001","ACYCLOVIR DUS","OGB & PH","DUS",10,4592.0,45920.0
"IN6294 BRG0002","IN6294","2022-05-03","May","CUST55711","APOTEK MAJA","Kuningan","Apotek","BRG0002","ALERGINE TABLET SALUT","ETIKAL","DUS",98,2338.0,229124.0
"IN6115 BRG0007","IN6115","2022-05-03","May","CUST55716","APOTEK SAHABAT","Padang","Apotek","BRG0007","ERGOTAMINE COFFEINE","ETIKAL","BOTOL",10,4592.0,45920.0
"IN6037 BRG0002","IN6037","2022-05-03","May","CUST55721","KLINIK SAHABAT","Tangerang","Klinik","BRG0002","ALERGINE TABLET SALUT","ETIKAL","DUS",45,2338.0,105210.0
"IN6112 BRG0007","IN6112","2022-05-03","May","CUST55726","APOTEK MAJA","Kuningan","Apotek","BRG0007","ERGOTAMINE COFFEINE","ETIKAL","BOTOL",34,4592.0,156128.0
"IN6168 BRG0005","IN6168","2022-05-13","May","CUST55644","KLINIK GM","Jakarta","Klinik","BRG0005","KLORPROMAZINA TABLET SALUT SELAPUT 100 MG","SLCYL","TABLET",24,5648.0,135552.0
"IN6192 BRG0006","IN6192","2022-05-14","May","CUST55645","APOTEK MERDEKA","Bandung","Apotek","BRG0006","KETOCONAZOLE TABLET 200 MG","OGB & PH","TABLET",10,2819.0,28190.0
"IN6285 BRG0001","IN6285","2022-05-15","May","CUST55646","KLINIK SAHABAT","Tangerang","Klinik","BRG0001","ACYCLOVIR DUS","OGB & PH","DUS",130,4592.0,596960.0
"IN6077 BRG0002","IN6077","2022-05-16","May","CUST55647","APOTEK SINAR JAYA","Bekasi","Apotek","BRG0002","ALERGINE TABLET SALUT","ETIKAL","DUS",12,3992.0,47904.0
"IN6057 BRG0003","IN6057","2022-05-17","May","CUST55648","APOTEK SAHABAT","Padang","Apotek","BRG0003","AMPICILLIN","MARCKS","BOTOL",10,5781.0,57810.0
"IN6252 BRG0004","IN6252","2022-05-18","May","CUST55649","KLINIK DR. ANDRI","Lampung","Klinik","BRG0004","TRAMADOL KAPSUL 50 MG","VNS","TABLET",67,6940.0,464980.0
"IN6272 BRG0001","IN6272","2022-05-19","May","CUST55650","APOTEK TAPAK","Aceh","Apotek","BRG0001","ACYCLOVIR DUS","OGB & PH","DUS",98,1170.0,114660.0
"IN6283 BRG0005","IN6283","2022-05-19","May","CUST55664","KLINIK DR. ANDRI","Lampung","Klinik","BRG0005","KLORPROMAZINA TABLET SALUT SELAPUT 100 MG","SLCYL","TABLET",10,5648.0,56480.0
"IN6150 BRG0002","IN6150","2022-05-20","May","CUST55651","APOTEK MAJA","Kuningan","Apotek","BRG0002","ALERGINE TABLET SALUT","ETIKAL","DUS",5,2338.0,11690.0
"IN6169 BRG0006","IN6169","2022-05-20","May","CUST55665","APOTEK TAPAK","Aceh","Apotek","BRG0006","KETOCONAZOLE TABLET 200 MG","OGB & PH","TABLET",67,2819.0,188873.0
"IN6298 BRG0003","IN6298","2022-05-21","May","CUST55652","KLINIK GM","Jakarta","Klinik","BRG0003","AMPICILLIN","MARCKS","BOTOL",4,10691.0,42764.0
"IN6121 BRG0007","IN6121","2022-05-21","May","CUST55666","APOTEK MAJA","Kuningan","Apotek","BRG0007","ERGOTAMINE COFFEINE","ETIKAL","BOTOL",98,4592.0,450016.0
"IN6295 BRG0004","IN6295","2022-05-22","May","CUST55653","APOTEK MERDEKA","Bandung","Apotek","BRG0004","TRAMADOL KAPSUL 50 MG","VNS","TABLET",8,8701.0,69608.0
"IN6117 BRG0008","IN6117","2022-05-22","May","CUST55667","KLINIK GM","Jakarta","Klinik","BRG0008","TETRACYCLINE KAPSUL 250 MG","MARCKS","TABLET",5,3992.0,19960.0
"IN6022 BRG0005","IN6022","2022-05-23","May","CUST55654","KLINIK SAHABAT","Tangerang","Klinik","BRG0005","KLORPROMAZINA TABLET SALUT SELAPUT 100 MG","SLCYL","TABLET",9,5648.0,50832.0
"IN6201 BRG0009","IN6201","2022-05-23","May","CUST55668","APOTEK MERDEKA","Bandung","Apotek","BRG0009","AMBROXOL HC","VNS","BOTOL",4,5781.0,23124.0
"IN6090 BRG0006","IN6090","2022-05-24","May","CUST55655","APOTEK SINAR JAYA","Bekasi","Apotek","BRG0006","KETOCONAZOLE TABLET 200 MG","OGB & PH","TABLET",21,2819.0,59199.0
"IN6179 BRG0010","IN6179","2022-05-24","May","CUST55669","KLINIK SAHABAT","Tangerang","Klinik","BRG0010","PARACETAMOL","SLCYL","BOTOL",8,6940.0,55520.0
"IN5996 BRG0007","IN5996","2022-05-25","May","CUST55656","APOTEK SAHABAT","Padang","Apotek","BRG0007","ERGOTAMINE COFFEINE","ETIKAL","BOTOL",22,4592.0,101024.0
"IN5978 BRG0001","IN5978","2022-05-25","May","CUST55670","APOTEK SINAR JAYA","Bekasi","Apotek","BRG0001","ACYCLOVIR DUS","OGB & PH","DUS",9,1170.0,10530.0
"IN6111 BRG0008","IN6111","2022-05-26","May","CUST55657","APOTEK TAPAK","Aceh","Apotek","BRG0008","TETRACYCLINE KAPSUL 250 MG","MARCKS","TABLET",12,3992.0,47904.0
"IN5993 BRG0002","IN5993","2022-05-26","May","CUST55671","APOTEK SAHABAT","Padang","Apotek","BRG0002","ALERGINE TABLET SALUT","ETIKAL","DUS",1,2338.0,2338.0
"IN6160 BRG0003","IN6160","2022-05-27","May","CUST55672","APOTEK TAPAK","Aceh","Apotek","BRG0003","AMPICILLIN","MARCKS","BOTOL",5,10691.0,53455.0
"IN6282 BRG0004","IN6282","2022-05-28","May","CUST55673","APOTEK MAJA","Kuningan","Apotek","BRG0004","TRAMADOL KAPSUL 50 MG","VNS","TABLET",9,8701.0,78309.0
"IN6093 BRG0005","IN6093","2022-05-29","May","CUST55674","KLINIK GM","Jakarta","Klinik","BRG0005","KLORPROMAZINA TABLET SALUT SELAPUT 100 MG","SLCYL","TABLET",13,5648.0,73424.0
"IN6166 BRG0006","IN6166","2022-05-30","May","CUST55675","APOTEK MERDEKA","Bandung","Apotek","BRG0006","KETOCONAZOLE TABLET 200 MG","OGB & PH","TABLET",1,2819.0,2819.0
"IN6010 BRG0001","IN6010","2022-05-31","May","CUST55676","KLINIK SAHABAT","Tangerang","Klinik","BRG0001","ACYCLOVIR DUS","OGB & PH","DUS",5,4592.0,22960.0
"IN6100 BRG0002","IN6100","2022-06-01","June","CUST55677","APOTEK SINAR JAYA","Bekasi","Apotek","BRG0002","ALERGINE TABLET SALUT","ETIKAL","DUS",9,3992.0,35928.0
"IN6222 BRG0003","IN6222","2022-06-02","June","CUST55678","APOTEK SAHABAT","Padang","Apotek","BRG0003","AMPICILLIN","MARCKS","BOTOL",1,5781.0,5781.0
"IN6032 BRG0004","IN6032","2022-06-03","June","CUST55679","KLINIK DR. ANDRI","Lampung","Klinik","BRG0004","TRAMADOL KAPSUL 50 MG","VNS","TABLET",23,6940.0,159620.0
"IN6198 BRG0001","IN6198","2022-06-04","June","CUST55680","APOTEK TAPAK","Aceh","Apotek","BRG0001","ACYCLOVIR DUS","OGB & PH","DUS",4,1170.0,4680.0
"IN6212 BRG0002","IN6212","2022-06-05","June","CUST55681","APOTEK MAJA","Kuningan","Apotek","BRG0002","ALERGINE TABLET SALUT","ETIKAL","DUS",2,2338.0,4676.0
"IN6288 BRG0003","IN6288","2022-06-06","June","CUST55682","KLINIK GM","Jakarta","Klinik","BRG0003","AMPICILLIN","MARCKS","BOTOL",17,10691.0,181747.0
"IN6059 BRG0004","IN6059","2022-06-07","June","CUST55683","APOTEK MERDEKA","Bandung","Apotek","BRG0004","TRAMADOL KAPSUL 50 MG","VNS","TABLET",11,8701.0,95711.0
"IN6236 BRG0005","IN6236","2022-06-08","June","CUST55684","KLINIK SAHABAT","Tangerang","Klinik","BRG0005","KLORPROMAZINA TABLET SALUT SELAPUT 100 MG","SLCYL","TABLET",12,5648.0,67776.0
"IN6296 BRG0006","IN6296","2022-06-09","June","CUST55685","APOTEK SINAR JAYA","Bekasi","Apotek","BRG0006","KETOCONAZOLE TABLET 200 MG","OGB & PH","TABLET",12,2819.0,33828.0
"IN6324 BRG0007","IN6324","2022-06-10","June","CUST55686","APOTEK SAHABAT","Padang","Apotek","BRG0007","ERGOTAMINE COFFEINE","ETIKAL","BOTOL",25,4592.0,114800.0
"IN6091 BRG0008","IN6091","2022-06-11","June","CUST55687","APOTEK TAPAK","Aceh","Apotek","BRG0008","TETRACYCLINE KAPSUL 250 MG","MARCKS","TABLET",14,3992.0,55888.0
"IN6033 BRG0009","IN6033","2022-06-12","June","CUST55688","APOTEK MAJA","Kuningan","Apotek","BRG0009","AMBROXOL HC","VNS","BOTOL",34,5781.0,196554.0
"IN6159 BRG0010","IN6159","2022-06-13","June","CUST55689","KLINIK GM","Jakarta","Klinik","BRG0010","PARACETAMOL","SLCYL","BOTOL",67,6940.0,464980.0
"IN6264 BRG0001","IN6264","2022-06-14","June","CUST55690","APOTEK MERDEKA","Bandung","Apotek","BRG0001","ACYCLOVIR DUS","OGB & PH","DUS",15,1170.0,17550.0
"IN6046 BRG0002","IN6046","2022-06-15","June","CUST55691","KLINIK SAHABAT","Tangerang","Klinik","BRG0002","ALERGINE TABLET SALUT","ETIKAL","DUS",12,2338.0,28056.0
"IN6268 BRG0003","IN6268","2022-06-16","June","CUST55692","APOTEK SINAR JAYA","Bekasi","Apotek","BRG0003","AMPICILLIN","MARCKS","BOTOL",25,10691.0,267275.0
"IN6123 BRG0008","IN6123","2022-06-16","June","CUST55697","KLINIK GM","Jakarta","Klinik","BRG0008","TETRACYCLINE KAPSUL 250 MG","MARCKS","TABLET",12,3992.0,47904.0
"IN6109 BRG0003","IN6109","2022-06-16","June","CUST55702","APOTEK TAPAK","Aceh","Apotek","BRG0003","AMPICILLIN","MARCKS","BOTOL",12,10691.0,128292.0
"IN5992 BRG0002","IN5992","2022-06-16","June","CUST55707","APOTEK SINAR JAYA","Bekasi","Apotek","BRG0002","ALERGINE TABLET SALUT","ETIKAL","DUS",23,3992.0,91816.0
"IN6012 BRG0003","IN6012","2022-06-16","June","CUST55712","KLINIK GM","Jakarta","Klinik","BRG0003","AMPICILLIN","MARCKS","BOTOL",5,10691.0,53455.0
"IN6000 BRG0008","IN6000","2022-06-16","June","CUST55717","APOTEK TAPAK","Aceh","Apotek","BRG0008","TETRACYCLINE KAPSUL 250 MG","MARCKS","TABLET",7,3992.0,27944.0
"IN6165 BRG0003","IN6165","2022-06-16","June","CUST55722","APOTEK SINAR JAYA","Bekasi","Apotek","BRG0003","AMPICILLIN","MARCKS","BOTOL",34,10691.0,363494.0
"IN6204 BRG0008","IN6204","2022-06-16","June","CUST55727","KLINIK GM","Jakarta","Klinik","BRG0008","TETRACYCLINE KAPSUL 250 MG","MARCKS","TABLET",34,3992.0,135728.0
