"id_penjualan","id_invoice","tanggal","id_customer","nama","level","id_cabang_sales","cabang_sales","id_distributor","grup","id_barang","nama_barang","kemasan","nama_tipe","kode_brand","brand","jumlah_barang","harga","mata_uang"
"IN5978 BRG0001","IN5978","2022-05-25","CUST55670","APOTEK SINAR JAYA","Company","CAB06","Bekasi","TA","Apotek","BRG0001","ACYCLOVIR DUS","DUS","Produk jadi",206,"OGB & PH",9,1170.0,"IDR"
"IN5979 BRG0009","IN5979","2022-03-28","CUST55598","APOTEK MAJA","Company","CAB02","Kuningan","TA","Apotek","BRG0009","AMBROXOL HC","BOTOL","Produk jadi",207,"VNS",18,5781.0,"IDR"
"IN5980 BRG0003","IN5980","2022-01-23","CUST55432","APOTEK TAPAK","Company","CAB01","Aceh","EPM","Apotek","BRG0003","AMPICILLIN","BOTOL","Produk jadi",210,"MARCKS",20,10691.0,"IDR"
"IN5981 BRG0004","IN5981","2022-01-28","CUST55443","APOTEK MERDEKA","Company","CAB04","Bandung","TA","Apotek","BRG0004","TRAMADOL KAPSUL 50 MG","TABLET","Produk jadi",201,"VNS",76,8701.0,"IDR"
"IN5982 BRG0006","IN5982","2022-01-30","CUST55535","APOTEK SINAR JAYA","Company","CAB06","Bekasi","TA","Apotek","BRG0006","KETOCONAZOLE TABLET 200 MG","TABLET","Produk jadi",205,"OGB & PH",5,2819.0,"IDR"
"IN5983 BRG0003","IN5983","2022-04-21","CUST55622","KLINIK GM","Company","CAB03","Jakarta","TA","Klinik","BRG0003","AMPICILLIN","BOTOL","Produk jadi",210,"MARCKS",67,10691.0,"IDR"
"IN5984 BRG0005","IN5984","2022-05-01","CUST55714","KLINIK SAHABAT","Company","CAB05","Tangerang","TD","Klinik","BRG0005","KLORPROMAZINA TABLET SALUT SELAPUT 100 MG","TABLET","Produk jadi",203,"SLCYL",8,5648.0,"IDR"
"IN5985 BRG0001","IN5985","2022-04-18","CUST55640","APOTEK SINAR JAYA","Company","CAB06","Bekasi","TA","Apotek","BRG0001","ACYCLOVIR DUS","DUS","Produk jadi",206,"OGB & PH",22,1170.0,"IDR"
"IN5986 BRG0002","IN5986","2022-02-15","CUST55557","APOTEK SINAR JAYA","Company","CAB06","Bekasi","TA","Apotek","BRG0002","ALERGINE TABLET SALUT","DUS","Produk jadi",203,"ETIKAL",9,3992.0,"IDR"
"IN5987 BRG0010","IN5987","2022-04-19","CUST55659","KLINIK GM","Company","CAB03","Jakarta","TA","Klinik","BRG0010","PARACETAMOL","BOTOL","Produk jadi",208,"SLCYL",14,6940.0,"IDR"
"IN5988 BRG0002","IN5988","2022-02-09","CUST55551","APOTEK SAHABAT","Company","CAB07","Padang","EPM","Apotek","BRG0002","ALERGINE TABLET SALUT","DUS","Produk jadi",203,"ETIKAL",10,2338.0,"IDR"
"IN5989 BRG0010","IN5989","2022-05-01","CUST55719","KLINIK GM","Company","CAB03","Jakarta","TA","Klinik","BRG0010","PARACETAMOL","BOTOL","Produk jadi",208,"SLCYL",67,6940.0,"IDR"
"IN5990 BRG0001","IN5990","2022-05-03","CUST55706","KLINIK SAHABAT","Company","CAB05","Tangerang","TD","Klinik","BRG0001","ACYCLOVIR DUS","DUS","Produk jadi",206,"OGB & PH",10,4592.0,"IDR"
"IN5991 BRG0005","IN5991","2022-01-23","CUST55414","KLINIK SAHABAT","Company","CAB05","Tangerang","TD","Klinik","BRG0005","KLORPROMAZINA TABLET SALUT SELAPUT 100 MG","TABLET","Produk jadi",203,"SLCYL",24,5648.0,"IDR"
"IN5992 BRG0002","IN5992","2022-06-16","CUST55707","APOTEK SINAR JAYA","Company","CAB06","Bekasi","TA","Apotek","BRG0002","ALERGINE TABLET SALUT","DUS","Produk jadi",203,"ETIKAL",23,3992.0,"IDR"
"IN5993 BRG0002","IN5993","2022-05-26","CUST55671","APOTEK SAHABAT","Company","CAB07","Padang","EPM","Apotek","BRG0002","ALERGINE TABLET SALUT","DUS","Produk jadi",203,"ETIKAL",1,2338.0,"IDR"
"IN5994 BRG0002","IN5994","2022-02-01","CUST55411","APOTEK MAJA","Company","CAB02","Kuningan","TA","Apotek","BRG0002","ALERGINE TABLET SALUT","DUS","Produk jadi",203,"ETIKAL",12,2338.0,"IDR"
"IN5995 BRG0008","IN5995","2022-04-06","CUST55607","KLINIK GM","Company","CAB03","Jakarta","TA","Klinik","BRG0008","TETRACYCLINE KAPSUL 250 MG","TABLET","Produk jadi",204,"MARCKS",14,3992.0,"IDR"
"IN5996 BRG0007","IN5996","2022-05-25","CUST55656","APOTEK SAHABAT","Company","CAB07","Padang","EPM","Apotek","BRG0007","ERGOTAMINE COFFEINE","BOTOL","Produk jadi",206,"ETIKAL",22,4592.0,"IDR"
"IN5997 BRG0001","IN5997","2022-01-20","CUST55380","APOTEK TAPAK","Company","CAB01","Aceh","EPM","Apotek","BRG0001","ACYCLOVIR DUS","DUS","Produk jadi",206,"OGB & PH",1,1170.0,"IDR"
"IN5998 BRG0001","IN5998","2022-04-09","CUST55610","APOTEK SINAR JAYA","Company","CAB06","Bekasi","TA","Apotek","BRG0001","ACYCLOVIR DUS","DUS","Produk jadi",206,"OGB & PH",23,1170.0,"IDR"
"IN5999 BRG0003","IN5999","2022-05-01","CUST55632","APOTEK SINAR JAYA","Company","CAB06","Bekasi","TA","Apotek","BRG0003","AMPICILLIN","BOTOL","Produk jadi",210,"MARCKS",5,10691.0,"IDR"
"IN6000 BRG0008","IN6000","2022-06-16","CUST55717","APOTEK TAPAK","Company","CAB01","Aceh","EPM","Apotek","BRG0008","TETRACYCLINE KAPSUL 250 MG","TABLET","Produk jadi",204,"MARCKS",7,3992.0,"IDR"
"IN6001 BRG0004","IN6001","2022-04-02","CUST55603","APOTEK SAHABAT","Company","CAB07","Padang","EPM","Apotek","BRG0004","TRAMADOL KAPSUL 50 MG","TABLET","Produk jadi",201,"VNS",21,8701.0,"IDR"
"IN6002 BRG0007","IN6002","2022-02-04","CUST55546","APOTEK MAJA","Company","CAB02","Kuningan","TA","Apotek","BRG0007","ERGOTAMINE COFFEINE","BOTOL","Produk jadi",206,"ETIKAL",14,4592.0,"IDR"
"IN6003 BRG0005","IN6003","2022-01-27","CUST55424","KLINIK DR. ANDRI","Company","CAB08","Lampung","TD","Klinik","BRG0005","KLORPROMAZINA TABLET SALUT SELAPUT 100 MG","TABLET","Produk jadi",203,"SLCYL",9,5648.0,"IDR"
"IN6004 BRG0010","IN6004","2022-05-01","CUST55729","KLINIK SAHABAT","Company","CAB05","Tangerang","TD","Klinik","BRG0010","PARACETAMOL","BOTOL","Produk jadi",208,"SLCYL",5,6940.0,"IDR"
"IN6005 BRG0008","IN6005","2022-02-01","CUST55447","APOTEK TAPAK","Company","CAB01","Aceh","EPM","Apotek","BRG0008","TETRACYCLINE KAPSUL 250 MG","TABLET","Produk jadi",204,"MARCKS",12,3992.0,"IDR"
"IN6006 BRG0005","IN6006","2022-02-12","CUST55554","KLINIK GM","Company","CAB03","Jakarta","TA","Klinik","BRG0005","KLORPROMAZINA TABLET SALUT SELAPUT 100 MG","TABLET","Produk jadi",203,"SLCYL",5,5648.0,"IDR"
"IN6007 BRG0006","IN6007","2022-05-02","CUST55715","APOTEK SINAR JAYA","Company","CAB06","Bekasi","TA","Apotek","BRG0006","KETOCONAZOLE TABLET 200 MG","TABLET","Produk jadi",205,"OGB & PH",9,2819.0,"IDR"
"IN6008 BRG0004","IN6008","2022-01-30","CUST55469","KLINIK DR. ANDRI","Company","CAB08","Lampung","TD","Klinik","BRG0004","TRAMADOL KAPSUL 50 MG","TABLET","Produk jadi",201,"VNS",12,6940.0,"IDR"
"IN6009 BRG0008","IN6009","2022-04-28","CUST55637","KLINIK GM","Company","CAB03","Jakarta","TA","Klinik","BRG0008","TETRACYCLINE KAPSUL 250 MG","TABLET","Produk jadi",204,"MARCKS",76,3992.0,"IDR"
"IN6010 BRG0001","IN6010","2022-05-31","CUST55676","KLINIK SAHABAT","Company","CAB05","Tangerang","TD","Klinik","BRG0001","ACYCLOVIR DUS","DUS","Produk jadi",206,"OGB & PH",5,4592.0,"IDR"
"IN6011 BRG0008","IN6011","2022-02-25","CUST55567","APOTEK TAPAK","Company","CAB01","Aceh","EPM","Apotek","BRG0008","TETRACYCLINE KAPSUL 250 MG","TABLET","Produk jadi",204,"MARCKS",10,3992.0,"IDR"
"IN6012 BRG0003","IN6012","2022-06-16","CUST55712","KLINIK GM","Company","CAB03","Jakarta","TA","Klinik","BRG0003","AMPICILLIN","BOTOL","Produk jadi",210,"MARCKS",5,10691.0,"IDR"
"IN6013 BRG0002","IN6013","2022-01-28","CUST55407","APOTEK SINAR JAYA","Company","CAB06","Bekasi","TA","Apotek","BRG0002","ALERGINE TABLET SALUT","DUS","Produk jadi",203,"ETIKAL",25,3992.0,"IDR"
"IN6014 BRG0002","IN6014","2022-03-21","CUST55591","APOTEK MAJA","Company","CAB02","Kuningan","TA","Apotek","BRG0002","ALERGINE TABLET SALUT","DUS","Produk jadi",203,"ETIKAL",34,2338.0,"IDR"
"IN6015 BRG0003","IN6015","2022-01-31","CUST55482","APOTEK SINAR JAYA","Company","CAB06","Bekasi","TA","Apotek","BRG0003","AMPICILLIN","BOTOL","Produk jadi",210,"MARCKS",5,10691.0,"IDR"
"IN6016 BRG0010","IN6016","2022-03-09","CUST55579","KLINIK SAHABAT","Company","CAB05","Tangerang","TD","Klinik","BRG0010","PARACETAMOL","BOTOL","Produk jadi",208,"SLCYL",5,6940.0,"IDR"
"IN6017 BRG0004","IN6017","2022-02-01","CUST55513","APOTEK SAHABAT","Company","CAB07","Padang","EPM","Apotek","BRG0004","TRAMADOL KAPSUL 50 MG","TABLET","Produk jadi",201,"VNS",23,8701.0,"IDR"
"IN6018 BRG0003","IN6018","2022-04-01","CUST55602","APOTEK SINAR JAYA","Company","CAB06","Bekasi","TA","Apotek","BRG0003","AMPICILLIN","BOTOL","Produk jadi",210,"MARCKS",14,10691.0,"IDR"
"IN6019 BRG0004","IN6019","2022-04-20","CUST55663","APOTEK SAHABAT","Company","CAB07","Padang","EPM","Apotek","BRG0004","TRAMADOL KAPSUL 50 MG","TABLET","Produk jadi",201,"VNS",12,8701.0,"IDR"
"IN6020 BRG0002","IN6020","2022-03-11","CUST55581","APOTEK SAHABAT","Company","CAB07","Padang","EPM","Apotek","BRG0002","ALERGINE TABLET SALUT","DUS","Produk jadi",203,"ETIKAL",1,2338.0,"IDR"
"IN6021 BRG0001","IN6021","2022-04-19","CUST55620","APOTEK TAPAK","Company","CAB01","Aceh","EPM","Apotek","BRG0001","ACYCLOVIR DUS","DUS","Produk jadi",206,"OGB & PH",7,1170.0,"IDR"
"IN6022 BRG0005","IN6022","2022-05-23","CUST55654","KLINIK SAHABAT","Company","CAB05","Tangerang","TD","Klinik","BRG0005","KLORPROMAZINA TABLET SALUT SELAPUT 100 MG","TABLET","Produk jadi",203,"SLCYL",9,5648.0,"IDR"
"IN6023 BRG0010","IN6023","2022-02-01","CUST55399","KLINIK SAHABAT","Company","CAB05","Tangerang","TD","Klinik","BRG0010","PARACETAMOL","BOTOL","Produk jadi",208,"SLCYL",15,6940.0,"IDR"
"IN6024 BRG0005","IN6024","2022-01-27","CUST55394","KLINIK DR. ANDRI","Company","CAB08","Lampung","TD","Klinik","BRG0005","KLORPROMAZINA TABLET SALUT SELAPUT 100 MG","TABLET","Produk jadi",203,"SLCYL",12,5648.0,"IDR"
"IN6025 BRG0004","IN6025","2022-01-30","CUST55523","APOTEK MAJA","Company","CAB02","Kuningan","TA","Apotek","BRG0004","TRAMADOL KAPSUL 50 MG","TABLET","Produk jadi",201,"VNS",7,8701.0,"IDR"
"IN6026 BRG0003","IN6026","2022-02-16","CUST55558","APOTEK SAHABAT","Company","CAB07","Padang","EPM","Apotek","BRG0003","AMPICILLIN","BOTOL","Produk jadi",210,"MARCKS",21,5781.0,"IDR"
"IN6027 BRG0003","IN6027","2022-04-11","CUST55612","APOTEK TAPAK","Company","CAB01","Aceh","EPM","Apotek","BRG0003","AMPICILLIN","BOTOL","Produk jadi",210,"MARCKS",10,10691.0,"IDR"
"IN6028 BRG0001","IN6028","2022-01-23","CUST55420","APOTEK MERDEKA","Company","CAB04","Bandung","TA","Apotek","BRG0001","ACYCLOVIR DUS","DUS","Produk jadi",206,"OGB & PH",98,1170.0,"IDR"
"IN6029 BRG0010","IN6029","2022-01-28","CUST55389","KLINIK GM","Company","CAB03","Jakarta","TA","Klinik","BRG0010","PARACETAMOL","BOTOL","Produk jadi",208,"SLCYL",4,6940.0,"IDR"
"IN6030 BRG0004","IN6030","2022-05-01","CUST55709","KLINIK DR. ANDRI","Company","CAB08","Lampung","TD","Klinik","BRG0004","TRAMADOL KAPSUL 50 MG","TABLET","Produk jadi",201,"VNS",10,6940.0,"IDR"
"IN6031 BRG0001","IN6031","2022-04-15","CUST55616","KLINIK SAHABAT","Company","CAB05","Tangerang","TD","Klinik","BRG0001","ACYCLOVIR DUS","DUS","Produk jadi",206,"OGB & PH",4,4592.0,"IDR"
"IN6032 BRG0004","IN6032","2022-06-03","CUST55679","KLINIK DR. ANDRI","Company","CAB08","Lampung","TD","Klinik","BRG0004","TRAMADOL KAPSUL 50 MG","TABLET","Produk jadi",201,"VNS",23,6940.0,"IDR"
"IN6033 BRG0009","IN6033","2022-06-12","CUST55688","APOTEK MAJA","Company","CAB02","Kuningan","TA","Apotek","BRG0009","AMBROXOL HC","BOTOL","Produk jadi",207,"VNS",34,5781.0,"IDR"
"IN6034 BRG0003","IN6034","2022-02-20","CUST55562","KLINIK GM","Company","CAB03","Jakarta","TA","Klinik","BRG0003","AMPICILLIN","BOTOL","Produk jadi",210,"MARCKS",14,10691.0,"IDR"
"IN6035 BRG0007","IN6035","2022-04-25","CUST55626","APOTEK SAHABAT","Company","CAB07","Padang","EPM","Apotek","BRG0007","ERGOTAMINE COFFEINE","BOTOL","Produk jadi",206,"ETIKAL",20,4592.0,"IDR"
"IN6036 BRG0009","IN6036","2022-01-27","CUST55388","APOTEK MAJA","Company","CAB02","Kuningan","TA","Apotek","BRG0009","AMBROXOL HC","BOTOL","Produk jadi",207,"VNS",23,5781.0,"IDR"
"IN6037 BRG0002","IN6037","2022-05-03","CUST55721","KLINIK SAHABAT","Company","CAB05","Tangerang","TD","Klinik","BRG0002","ALERGINE TABLET SALUT","DUS","Produk jadi",203,"ETIKAL",45,2338.0,"IDR"
"IN6038 BRG0008","IN6038","2022-01-30","CUST55517","KLINIK GM","Company","CAB03","Jakarta","TA","Klinik","BRG0008","TETRACYCLINE KAPSUL 250 MG","TABLET","Produk jadi",204,"MARCKS",98,3992.0,"IDR"
"IN6039 BRG0001","IN6039","2022-01-23","CUST55480","APOTEK MERDEKA","Company","CAB04","Bandung","TA","Apotek","BRG0001","ACYCLOVIR DUS","DUS","Produk jadi",206,"OGB & PH",13,1170.0,"IDR"
"IN6040 BRG0001","IN6040","2022-01-31","CUST55470","APOTEK TAPAK","Company","CAB01","Aceh","EPM","Apotek","BRG0001","ACYCLOVIR DUS","DUS","Produk jadi",206,"OGB & PH",10,1170.0,"IDR"
"IN6041 BRG0001","IN6041","2022-02-28","CUST55570","APOTEK MERDEKA","Company","CAB04","Bandung","TA","Apotek","BRG0001","ACYCLOVIR DUS","DUS","Produk jadi",206,"OGB & PH",5,1170.0,"IDR"
"IN6042 BRG0009","IN6042","2022-01-31","CUST55428","APOTEK MERDEKA","Company","CAB04","Bandung","TA","Apotek","BRG0009","AMBROXOL HC","BOTOL","Produk jadi",207,"VNS",67,5781.0,"IDR"
"IN6043 BRG0001","IN6043","2022-03-10","CUST55580","APOTEK SINAR JAYA","Company","CAB06","Bekasi","TA","Apotek","BRG0001","ACYCLOVIR DUS","DUS","Produk jadi",206,"OGB & PH",9,1170.0,"IDR"
"IN6044 BRG0005","IN6044","2022-05-01","CUST55694","KLINIK DR. ANDRI","Company","CAB08","Lampung","TD","Klinik","BRG0005","KLORPROMAZINA TABLET SALUT SELAPUT 100 MG","TABLET","Produk jadi",203,"SLCYL",18,5648.0,"IDR"
"IN6045 BRG0007","IN6045","2022-01-31","CUST55506","APOTEK SAHABAT","Company","CAB07","Padang","EPM","Apotek","BRG0007","ERGOTAMINE COFFEINE","BOTOL","Produk jadi",206,"ETIKAL",21,4592.0,"IDR"
"IN6046 BRG0002","IN6046","2022-06-15","CUST55691","KLINIK SAHABAT","Company","CAB05","Tangerang","TD","Klinik","BRG0002","ALERGINE TABLET SALUT","DUS","Produk jadi",203,"ETIKAL",12,2338.0,"IDR"
"IN6047 BRG0006","IN6047","2022-04-26","CUST55635","APOTEK TAPAK","Company","CAB01","Aceh","EPM","Apotek","BRG0006","KETOCONAZOLE TABLET 200 MG","TABLET","Produk jadi",205,"OGB & PH",12,2819.0,"IDR"
"IN6048 BRG0005","IN6048","2022-01-31","CUST55464","KLINIK GM","Company","CAB03","Jakarta","TA","Klinik","BRG0005","KLORPROMAZINA TABLET SALUT SELAPUT 100 MG","TABLET","Produk jadi",203,"SLCYL",25,5648.0,"IDR"
"IN6049 BRG0010","IN6049","2022-01-28","CUST55479","KLINIK GM","Company","CAB03","Jakarta","TA","Klinik","BRG0010","PARACETAMOL","BOTOL","Produk jadi",208,"SLCYL",9,6940.0,"IDR"
"IN6050 BRG0005","IN6050","2022-01-31","CUST55434","KLINIK GM","Company","CAB03","Jakarta","TA","Klinik","BRG0005","KLORPROMAZINA TABLET SALUT SELAPUT 100 MG","TABLET","Produk jadi",203,"SLCYL",34,5648.0,"IDR"
"IN6051 BRG0004","IN6051","2022-03-23","CUST55593","APOTEK MERDEKA","Company","CAB04","Bandung","TA","Apotek","BRG0004","TRAMADOL KAPSUL 50 MG","TABLET","Produk jadi",201,"VNS",15,8701.0,"IDR"
"IN6052 BRG0006","IN6052","2022-01-23","CUST55385","APOTEK SINAR JAYA","Company","CAB06","Bekasi","TA","Apotek","BRG0006","KETOCONAZOLE TABLET 200 MG","TABLET","Produk jadi",205,"OGB & PH",5,2819.0,"IDR"
"IN6053 BRG0002","IN6053","2022-01-28","CUST55437","APOTEK SINAR JAYA","Company","CAB06","Bekasi","TA","Apotek","BRG0002","ALERGINE TABLET SALUT","DUS","Produk jadi",203,"ETIKAL",44,3992.0,"IDR"
"IN6054 BRG0006","IN6054","2022-02-01","CUST55435","APOTEK MERDEKA","Company","CAB04","Bandung","TA","Apotek","BRG0006","KETOCONAZOLE TABLET 200 MG","TABLET","Produk jadi",205,"OGB & PH",34,2819.0,"IDR"
"IN6055 BRG0004","IN6055","2022-03-13","CUST55583","APOTEK MAJA","Company","CAB02","Kuningan","TA","Apotek","BRG0004","TRAMADOL KAPSUL 50 MG","TABLET","Produk jadi",201,"VNS",4,8701.0,"IDR"
"IN6056 BRG0002","IN6056","2022-04-20","CUST55621","APOTEK MAJA","Company","CAB02","Kuningan","TA","Apotek","BRG0002","ALERGINE TABLET SALUT","DUS","Produk jadi",203,"ETIKAL",100,2338.0,"IDR"
"IN6057 BRG0003","IN6057","2022-05-17","CUST55648","APOTEK SAHABAT","Company","CAB07","Padang","EPM","Apotek","BRG0003","AMPICILLIN","BOTOL","Produk jadi",210,"MARCKS",10,5781.0,"IDR"
"IN6058 BRG0003","IN6058","2022-01-27","CUST55532","KLINIK GM","Company","CAB03","Jakarta","TA","Klinik","BRG0003","AMPICILLIN","BOTOL","Produk jadi",210,"MARCKS",34,10691.0,"IDR"
"IN6059 BRG0004","IN6059","2022-06-07","CUST55683","APOTEK MERDEKA","Company","CAB04","Bandung","TA","Apotek","BRG0004","TRAMADOL KAPSUL 50 MG","TABLET","Produk jadi",201,"VNS",11,8701.0,"IDR"
"IN6060 BRG0004","IN6060","2022-02-01","CUST55543","APOTEK SAHABAT","Company","CAB07","Padang","EPM","Apotek","BRG0004","TRAMADOL KAPSUL 50 MG","TABLET","Produk jadi",201,"VNS",22,8701.0,"IDR"
"IN6061 BRG0007","IN6061","2022-02-24","CUST55566","APOTEK SAHABAT","Company","CAB07","Padang","EPM","Apotek","BRG0007","ERGOTAMINE COFFEINE","BOTOL","Produk jadi",206,"ETIKAL",12,4592.0,"IDR"
"IN6062 BRG0001","IN6062","2022-01-27","CUST55490","APOTEK SINAR JAYA","Company","CAB06","Bekasi","TA","Apotek","BRG0001","ACYCLOVIR DUS","DUS","Produk jadi",206,"OGB & PH",12,1170.0,"IDR"
"IN6063 BRG0008","IN6063","2022-02-01","CUST55417","APOTEK TAPAK","Company","CAB01","Aceh","EPM","Apotek","BRG0008","TETRACYCLINE KAPSUL 250 MG","TABLET","Produk jadi",204,"MARCKS",12,3992.0,"IDR"
"IN6064 BRG0006","IN6064","2022-01-28","CUST55515","APOTEK TAPAK","Company","CAB01","Aceh","EPM","Apotek","BRG0006","KETOCONAZOLE TABLET 200 MG","TABLET","Produk jadi",205,"OGB & PH",10,2819.0,"IDR"
"IN6065 BRG0005","IN6065","2022-01-23","CUST55474","KLINIK SAHABAT","Company","CAB05","Tangerang","TD","Klinik","BRG0005","KLORPROMAZINA TABLET SALUT SELAPUT 100 MG","TABLET","Produk jadi",203,"SLCYL",4,5648.0,"IDR"
"IN6066 BRG0009","IN6066","2022-01-27","CUST55538","APOTEK MAJA","Company","CAB02","Kuningan","TA","Apotek","BRG0009","AMBROXOL HC","BOTOL","Produk jadi",207,"VNS",12,5781.0,"IDR"
"IN6067 BRG0005","IN6067","2022-05-01","CUST55704","KLINIK GM","Company","CAB03","Jakarta","TA","Klinik","BRG0005","KLORPROMAZINA TABLET SALUT SELAPUT 100 MG","TABLET","Produk jadi",203,"SLCYL",14,5648.0,"IDR"
"IN6068 BRG0007","IN6068","2022-01-31","CUST55536","APOTEK SAHABAT","Company","CAB07","Padang","EPM","Apotek","BRG0007","ERGOTAMINE COFFEINE","BOTOL","Produk jadi",206,"ETIKAL",6,4592.0,"IDR"
"IN6069 BRG0002","IN6069","2022-03-01","CUST55571","KLINIK SAHABAT","Company","CAB05","Tangerang","TD","Klinik","BRG0002","ALERGINE TABLET SALUT","DUS","Produk jadi",203,"ETIKAL",4,2338.0,"IDR"
"IN6070 BRG0006","IN6070","2022-01-28","CUST55485","APOTEK TAPAK","Company","CAB01","Aceh","EPM","Apotek","BRG0006","KETOCONAZOLE TABLET 200 MG","TABLET","Produk jadi",205,"OGB & PH",23,2819.0,"IDR"
"IN6071 BRG0007","IN6071","2022-04-27","CUST55636","APOTEK MAJA","Company","CAB02","Kuningan","TA","Apotek","BRG0007","ERGOTAMINE COFFEINE","BOTOL","Produk jadi",206,"ETIKAL",95,4592.0,"IDR"
"IN6072 BRG0008","IN6072","2022-02-01","CUST55477","APOTEK TAPAK","Company","CAB01","Aceh","EPM","Apotek","BRG0008","TETRACYCLINE KAPSUL 250 MG","TABLET","Produk jadi",204,"MARCKS",1,3992.0,"IDR"
"IN6073 BRG0009","IN6073","2022-04-27","CUST55628","APOTEK MAJA","Company","CAB02","Kuningan","TA","Apotek","BRG0009","AMBROXOL HC","BOTOL","Produk jadi",207,"VNS",34,5781.0,"IDR"
"IN6074 BRG0003","IN6074","2022-01-27","CUST55472","KLINIK GM","Company","CAB03","Jakarta","TA","Klinik","BRG0003","AMPICILLIN","BOTOL","Produk jadi",210,"MARCKS",98,10691.0,"IDR"
"IN6075 BRG0009","IN6075","2022-04-16","CUST55638","APOTEK MERDEKA","Company","CAB04","Bandung","TA","Apotek","BRG0009","AMBROXOL HC","BOTOL","Produk jadi",207,"VNS",48,5781.0,"IDR"
"IN6076 BRG0005","IN6076","2022-03-24","CUST55594","KLINIK SAHABAT","Company","CAB05","Tangerang","TD","Klinik","BRG0005","KLORPROMAZINA TABLET SALUT SELAPUT 100 MG","TABLET","Produk jadi",203,"SLCYL",12,5648.0,"IDR"
"IN6077 BRG0002","IN6077","2022-05-16","CUST55647","APOTEK SINAR JAYA","Company","CAB06","Bekasi","TA","Apotek","BRG0002","ALERGINE TABLET SALUT","DUS","Produk jadi",203,"ETIKAL",12,3992.0,"IDR"
"IN6078 BRG0001","IN6078","2022-03-30","CUST55600","APOTEK MERDEKA","Company","CAB04","Bandung","TA","Apotek","BRG0001","ACYCLOVIR DUS","DUS","Produk jadi",206,"OGB & PH",12,1170.0,"IDR"
"IN6079 BRG0005","IN6079","2022-01-31","CUST55494","KLINIK GM","Company","CAB03","Jakarta","TA","Klinik","BRG0005","KLORPROMAZINA TABLET SALUT SELAPUT 100 MG","TABLET","Produk jadi",203,"SLCYL",34,5648.0,"IDR"
"IN6080 BRG0007","IN6080","2022-03-26","CUST55596","APOTEK SAHABAT","Company","CAB07","Padang","EPM","Apotek","BRG0007","ERGOTAMINE COFFEINE","BOTOL","Produk jadi",206,"ETIKAL",14,4592.0,"IDR"
"IN6081 BRG0004","IN6081","2022-03-19","CUST55589","KLINIK DR. ANDRI","Company","CAB08","Lampung","TD","Klinik","BRG0004","TRAMADOL KAPSUL 50 MG","TABLET","Produk jadi",201,"VNS",25,6940.0,"IDR"
"IN6082 BRG0002","IN6082","2022-04-16","CUST55617","APOTEK SINAR JAYA","Company","CAB06","Bekasi","TA","Apotek","BRG0002","ALERGINE TABLET SALUT","DUS","Produk jadi",203,"ETIKAL",8,3992.0,"IDR"
"IN6083 BRG0008","IN6083","2022-01-30","CUST55487","KLINIK GM","Company","CAB03","Jakarta","TA","Klinik","BRG0008","TETRACYCLINE KAPSUL 250 MG","TABLET","Produk jadi",204,"MARCKS",2,3992.0,"IDR"
"IN6084 BRG0002","IN6084","2022-02-01","CUST55471","APOTEK MAJA","Company","CAB02","Kuningan","TA","Apotek","BRG0002","ALERGINE TABLET SALUT","DUS","Produk jadi",203,"ETIKAL",67,2338.0,"IDR"
"IN6085 BRG0002","IN6085","2022-03-31","CUST55601","KLINIK SAHABAT","Company","CAB05","Tangerang","TD","Klinik","BRG0002","ALERGINE TABLET SALUT","DUS","Produk jadi",203,"ETIKAL",25,2338.0,"IDR"
"IN6086 BRG0003","IN6086","2022-01-23","CUST55408","APOTEK SAHABAT","Company","CAB07","Padang","EPM","Apotek","BRG0003","AMPICILLIN","BOTOL","Produk jadi",210,"MARCKS",14,5781.0,"IDR"
"IN6087 BRG0001","IN6087","2022-02-18","CUST55560","APOTEK TAPAK","Company","CAB01","Aceh","EPM","Apotek","BRG0001","ACYCLOVIR DUS","DUS","Produk jadi",206,"OGB & PH",12,1170.0,"IDR"
"IN6088 BRG0009","IN6088","2022-02-06","CUST55548","APOTEK MERDEKA","Company","CAB04","Bandung","TA","Apotek","BRG0009","AMBROXOL HC","BOTOL","Produk jadi",207,"VNS",10,5781.0,"IDR"
"IN6089 BRG0007","IN6089","2022-01-25","CUST55386","APOTEK SAHABAT","Company","CAB07","Padang","EPM","Apotek","BRG0007","ERGOTAMINE COFFEINE","BOTOL","Produk jadi",206,"ETIKAL",9,4592.0,"IDR"
"IN6090 BRG0006","IN6090","2022-05-24","CUST55655","APOTEK SINAR JAYA","Company","CAB06","Bekasi","TA","Apotek","BRG0006","KETOCONAZOLE TABLET 200 MG","TABLET","Produk jadi",205,"OGB & PH",21,2819.0,"IDR"
"IN6091 BRG0008","IN6091","2022-06-11","CUST55687","APOTEK TAPAK","Company","CAB01","Aceh","EPM","Apotek","BRG0008","TETRACYCLINE KAPSUL 250 MG","TABLET","Produk jadi",204,"MARCKS",14,3992.0,"IDR"
"IN6092 BRG0005","IN6092","2022-03-14","CUST55584","KLINIK GM","Company","CAB03","Jakarta","TA","Klinik","BRG0005","KLORPROMAZINA TABLET SALUT SELAPUT 100 MG","TABLET","Produk jadi",203,"SLCYL",2,5648.0,"IDR"
"IN6093 BRG0005","IN6093","2022-05-29","CUST55674","KLINIK GM","Company","CAB03","Jakarta","TA","Klinik","BRG0005","KLORPROMAZINA TABLET SALUT SELAPUT 100 MG","TABLET","Produk jadi",203,"SLCYL",13,5648.0,"IDR"
"IN6094 BRG0001","IN6094","2022-05-02","CUST55710","APOTEK TAPAK","Company","CAB01","Aceh","EPM","Apotek","BRG0001","ACYCLOVIR DUS","DUS","Produk jadi",206,"OGB & PH",67,1170.0,"IDR"
"IN6095 BRG0009","IN6095","2022-01-27","CUST55478","APOTEK MAJA","Company","CAB02","Kuningan","TA","Apotek","BRG0009","AMBROXOL HC","BOTOL","Produk jadi",207,"VNS",5,5781.0,"IDR"
"IN6096 BRG0002","IN6096","2022-02-19","CUST55561","APOTEK MAJA","Company","CAB02","Kuningan","TA","Apotek","BRG0002","ALERGINE TABLET SALUT","DUS","Produk jadi",203,"ETIKAL",25,2338.0,"IDR"
"IN6097 BRG0009","IN6097","2022-04-30","CUST55718","APOTEK MAJA","Company","CAB02","Kuningan","TA","Apotek","BRG0009","AMBROXOL HC","BOTOL","Produk jadi",207,"VNS",100,5781.0,"IDR"
"IN6098 BRG0010","IN6098","2022-03-29","CUST55599","KLINIK GM","Company","CAB03","Jakarta","TA","Klinik","BRG0010","PARACETAMOL","BOTOL","Produk jadi",208,"SLCYL",19,6940.0,"IDR"
"IN6099 BRG0008","IN6099","2022-01-30","CUST55457","KLINIK GM","Company","CAB03","Jakarta","TA","Klinik","BRG0008","TETRACYCLINE KAPSUL 250 MG","TABLET","Produk jadi",204,"MARCKS",5,3992.0,"IDR"
"IN6100 BRG0002","IN6100","2022-06-01","CUST55677","APOTEK SINAR JAYA","Company","CAB06","Bekasi","TA","Apotek","BRG0002","ALERGINE TABLET SALUT","DUS","Produk jadi",203,"ETIKAL",9,3992.0,"IDR"
"IN6101 BRG0004","IN6101","2022-04-30","CUST55723","APOTEK SAHABAT","Company","CAB07","Padang","EPM","Apotek","BRG0004","TRAMADOL KAPSUL 50 MG","TABLET","Produk jadi",201,"VNS",20,8701.0,"IDR"
"IN6102 BRG0003","IN6102","2022-01-31","CUST55392","APOTEK SINAR JAYA","Company","CAB06","Bekasi","TA","Apotek","BRG0003","AMPICILLIN","BOTOL","Produk jadi",210,"MARCKS",11,10691.0,"IDR"
"IN6103 BRG0001","IN6103","2022-01-27","CUST55496","KLINIK SAHABAT","Company","CAB05","Tangerang","TD","Klinik","BRG0001","ACYCLOVIR DUS","DUS","Produk jadi",206,"OGB & PH",15,4592.0,"IDR"
"IN6104 BRG0004","IN6104","2022-01-30","CUST55433","APOTEK MAJA","Company","CAB02","Kuningan","TA","Apotek","BRG0004","TRAMADOL KAPSUL 50 MG","TABLET","Produk jadi",201,"VNS",45,8701.0,"IDR"
"IN6105 BRG0001","IN6105","2022-05-02","CUST55700","APOTEK SINAR JAYA","Company","CAB06","Bekasi","TA","Apotek","BRG0001","ACYCLOVIR DUS","DUS","Produk jadi",206,"OGB & PH",21,1170.0,"IDR"
"IN6106 BRG0004","IN6106","2022-04-30","CUST55713","APOTEK MERDEKA","Company","CAB04","Bandung","TA","Apotek","BRG0004","TRAMADOL KAPSUL 50 MG","TABLET","Produk jadi",201,"VNS",4,8701.0,"IDR"
"IN6107 BRG0002","IN6107","2022-01-30","CUST55511","KLINIK SAHABAT","Company","CAB05","Tangerang","TD","Klinik","BRG0002","ALERGINE TABLET SALUT","DUS","Produk jadi",203,"ETIKAL",24,2338.0,"IDR"
"IN6108 BRG0004","IN6108","2022-01-30","CUST55409","KLINIK DR. ANDRI","Company","CAB08","Lampung","TD","Klinik","BRG0004","TRAMADOL KAPSUL 50 MG","TABLET","Produk jadi",201,"VNS",21,6940.0,"IDR"
"IN6109 BRG0003","IN6109","2022-06-16","CUST55702","APOTEK TAPAK","Company","CAB01","Aceh","EPM","Apotek","BRG0003","AMPICILLIN","BOTOL","Produk jadi",210,"MARCKS",12,10691.0,"IDR"
"IN6110 BRG0007","IN6110","2022-03-06","CUST55576","APOTEK MAJA","Company","CAB02","Kuningan","TA","Apotek","BRG0007","ERGOTAMINE COFFEINE","BOTOL","Produk jadi",206,"ETIKAL",9,4592.0,"IDR"
"IN6111 BRG0008","IN6111","2022-05-26","CUST55657","APOTEK TAPAK","Company","CAB01","Aceh","EPM","Apotek","BRG0008","TETRACYCLINE KAPSUL 250 MG","TABLET","Produk jadi",204,"MARCKS",12,3992.0,"IDR"
"IN6112 BRG0007","IN6112","2022-05-03","CUST55726","APOTEK MAJA","Company","CAB02","Kuningan","TA","Apotek","BRG0007","ERGOTAMINE COFFEINE","BOTOL","Produk jadi",206,"ETIKAL",34,4592.0,"IDR"
"IN6113 BRG0001","IN6113","2022-01-27","CUST55400","APOTEK SINAR JAYA","Company","CAB06","Bekasi","TA","Apotek","BRG0001","ACYCLOVIR DUS","DUS","Produk jadi",206,"OGB & PH",12,1170.0,"IDR"
"IN6114 BRG0010","IN6114","2022-02-27","CUST55569","KLINIK GM","Company","CAB03","Jakarta","TA","Klinik","BRG0010","PARACETAMOL","BOTOL","Produk jadi",208,"SLCYL",98,6940.0,"IDR"
"IN6115 BRG0007","IN6115","2022-05-03","CUST55716","APOTEK SAHABAT","Company","CAB07","Padang","EPM","Apotek","BRG0007","ERGOTAMINE COFFEINE","BOTOL","Produk jadi",206,"ETIKAL",10,4592.0,"IDR"
"IN6116 BRG0006","IN6116","2022-01-28","CUST55455","APOTEK TAPAK","Company","CAB01","Aceh","EPM","Apotek","BRG0006","KETOCONAZOLE TABLET 200 MG","TABLET","Produk jadi",205,"OGB & PH",67,2819.0,"IDR"
"IN6117 BRG0008","IN6117","2022-05-22","CUST55667","KLINIK GM","Company","CAB03","Jakarta","TA","Klinik","BRG0008","TETRACYCLINE KAPSUL 250 MG","TABLET","Produk jadi",204,"MARCKS",5,3992.0,"IDR"
"IN6118 BRG0003","IN6118","2022-01-27","CUST55502","KLINIK GM","Company","CAB03","Jakarta","TA","Klinik","BRG0003","AMPICILLIN","BOTOL","Produk jadi",210,"MARCKS",19,10691.0,"IDR"
"IN6119 BRG0010","IN6119","2022-01-28","CUST55449","KLINIK GM","Company","CAB03","Jakarta","TA","Klinik","BRG0010","PARACETAMOL","BOTOL","Produk jadi",208,"SLCYL",14,6940.0,"IDR"
"IN6120 BRG0006","IN6120","2022-02-01","CUST55465","APOTEK MERDEKA","Company","CAB04","Bandung","TA","Apotek","BRG0006","KETOCONAZOLE TABLET 200 MG","TABLET","Produk jadi",205,"OGB & PH",14,2819.0,"IDR"
"IN6121 BRG0007","IN6121","2022-05-21","CUST55666","APOTEK MAJA","Company","CAB02","Kuningan","TA","Apotek","BRG0007","ERGOTAMINE COFFEINE","BOTOL","Produk jadi",206,"ETIKAL",98,4592.0,"IDR"
"IN6122 BRG0006","IN6122","2022-01-30","CUST55445","APOTEK SINAR JAYA","Company","CAB06","Bekasi","TA","Apotek","BRG0006","KETOCONAZOLE TABLET 200 MG","TABLET","Produk jadi",205,"OGB & PH",21,2819.0,"IDR"
"IN6123 BRG0008","IN6123","2022-06-16","CUST55697","KLINIK GM","Company","CAB03","Jakarta","TA","Klinik","BRG0008","TETRACYCLINE KAPSUL 250 MG","TABLET","Produk jadi",204,"MARCKS",12,3992.0,"IDR"
"IN6124 BRG0003","IN6124","2022-01-27","CUST55442","KLINIK GM","Company","CAB03","Jakarta","TA","Klinik","BRG0003","AMPICILLIN","BOTOL","Produk jadi",210,"MARCKS",95,10691.0,"IDR"
"IN6125 BRG0003","IN6125","2022-01-23","CUST55402","APOTEK TAPAK","Company","CAB01","Aceh","EPM","Apotek","BRG0003","AMPICILLIN","BOTOL","Produk jadi",210,"MARCKS",14,10691.0,"IDR"
"IN6126 BRG0005","IN6126","2022-04-23","CUST55624","KLINIK SAHABAT","Company","CAB05","Tangerang","TD","Klinik","BRG0005","KLORPROMAZINA TABLET SALUT SELAPUT 100 MG","TABLET","Produk jadi",203,"SLCYL",45,5648.0,"IDR"
"IN6127 BRG0006","IN6127","2022-04-24","CUST55625","APOTEK SINAR JAYA","Company","CAB06","Bekasi","TA","Apotek","BRG0006","KETOCONAZOLE TABLET 200 MG","TABLET","Produk jadi",205,"OGB & PH",34,2819.0,"IDR"
"IN6128 BRG0008","IN6128","2022-02-01","CUST55537","APOTEK TAPAK","Company","CAB01","Aceh","EPM","Apotek","BRG0008","TETRACYCLINE KAPSUL 250 MG","TABLET","Produk jadi",204,"MARCKS",79,3992.0,"IDR"
"IN6129 BRG0001","IN6129","2022-02-14","CUST55556","KLINIK SAHABAT","Company","CAB05","Tangerang","TD","Klinik","BRG0001","ACYCLOVIR DUS","DUS","Produk jadi",206,"OGB & PH",8,4592.0,"IDR"
"IN6130 BRG0009","IN6130","2022-01-31","CUST55518","APOTEK MERDEKA","Company","CAB04","Bandung","TA","Apotek","BRG0009","AMBROXOL HC","BOTOL","Produk jadi",207,"VNS",5,5781.0,"IDR"
"IN6131 BRG0009","IN6131","2022-01-27","CUST55418","APOTEK MAJA","Company","CAB02","Kuningan","TA","Apotek","BRG0009","AMBROXOL HC","BOTOL","Produk jadi",207,"VNS",10,5781.0,"IDR"
"IN6132 BRG0003","IN6132","2022-04-30","CUST55708","APOTEK SAHABAT","Company","CAB07","Padang","EPM","Apotek","BRG0003","AMPICILLIN","BOTOL","Produk jadi",210,"MARCKS",12,5781.0,"IDR"
"IN6133 BRG0010","IN6133","2022-02-01","CUST55429","KLINIK SAHABAT","Company","CAB05","Tangerang","TD","Klinik","BRG0010","PARACETAMOL","BOTOL","Produk jadi",208,"SLCYL",78,6940.0,"IDR"
"IN6134 BRG0002","IN6134","2022-02-01","CUST55441","APOTEK MAJA","Company","CAB02","Kuningan","TA","Apotek","BRG0002","ALERGINE TABLET SALUT","DUS","Produk jadi",203,"ETIKAL",12,2338.0,"IDR"
"IN6135 BRG0001","IN6135","2022-02-08","CUST55550","APOTEK SINAR JAYA","Company","CAB06","Bekasi","TA","Apotek","BRG0001","ACYCLOVIR DUS","DUS","Produk jadi",206,"OGB & PH",12,1170.0,"IDR"
"IN6136 BRG0001","IN6136","2022-01-27","CUST55526","KLINIK SAHABAT","Company","CAB05","Tangerang","TD","Klinik","BRG0001","ACYCLOVIR DUS","DUS","Produk jadi",206,"OGB & PH",78,4592.0,"IDR"
"IN6137 BRG0004","IN6137","2022-03-03","CUST55573","APOTEK SAHABAT","Company","CAB07","Padang","EPM","Apotek","BRG0004","TRAMADOL KAPSUL 50 MG","TABLET","Produk jadi",201,"VNS",9,8701.0,"IDR"
"IN6138 BRG0002","IN6138","2022-04-18","CUST55661","KLINIK SAHABAT","Company","CAB05","Tangerang","TD","Klinik","BRG0002","ALERGINE TABLET SALUT","DUS","Produk jadi",203,"ETIKAL",10,2338.0,"IDR"
"IN6139 BRG0004","IN6139","2022-04-22","CUST55623","APOTEK MERDEKA","Company","CAB04","Bandung","TA","Apotek","BRG0004","TRAMADOL KAPSUL 50 MG","TABLET","Produk jadi",201,"VNS",78,8701.0,"IDR"
"IN6140 BRG0006","IN6140","2022-03-25","CUST55595","APOTEK SINAR JAYA","Company","CAB06","Bekasi","TA","Apotek","BRG0006","KETOCONAZOLE TABLET 200 MG","TABLET","Produk jadi",205,"OGB & PH",25,2819.0,"IDR"
"IN6141 BRG0002","IN6141","2022-01-28","CUST55401","APOTEK SAHABAT","Company","CAB07","Padang","EPM","Apotek","BRG0002","ALERGINE TABLET SALUT","DUS","Produk jadi",203,"ETIKAL",25,2338.0,"IDR"
"IN6142 BRG0005","IN6142","2022-05-01","CUST55724","KLINIK DR. ANDRI","Company","CAB08","Lampung","TD","Klinik","BRG0005","KLORPROMAZINA TABLET SALUT SELAPUT 100 MG","TABLET","Produk jadi",203,"SLCYL",45,5648.0,"IDR"
"IN6143 BRG0006","IN6143","2022-05-02","CUST55705","APOTEK MERDEKA","Company","CAB04","Bandung","TA","Apotek","BRG0006","KETOCONAZOLE TABLET 200 MG","TABLET","Produk jadi",205,"OGB & PH",24,2819.0,"IDR"
"IN6144 BRG0004","IN6144","2022-01-22","CUST55383","APOTEK MERDEKA","Company","CAB04","Bandung","TA","Apotek","BRG0004","TRAMADOL KAPSUL 50 MG","TABLET","Produk jadi",201,"VNS",13,8701.0,"IDR"
"IN6145 BRG0003","IN6145","2022-04-20","CUST55642","APOTEK TAPAK","Company","CAB01","Aceh","EPM","Apotek","BRG0003","AMPICILLIN","BOTOL","Produk jadi",210,"MARCKS",25,10691.0,"IDR"
"IN6146 BRG0003","IN6146","2022-01-27","CUST55412","KLINIK GM","Company","CAB03","Jakarta","TA","Klinik","BRG0003","AMPICILLIN","BOTOL","Produk jadi",210,"MARCKS",25,10691.0,"IDR"
"IN6147 BRG0006","IN6147","2022-02-13","CUST55555","APOTEK MERDEKA","Company","CAB04","Bandung","TA","Apotek","BRG0006","KETOCONAZOLE TABLET 200 MG","TABLET","Produk jadi",205,"OGB & PH",4,2819.0,"IDR"
"IN6148 BRG0007","IN6148","2022-01-31","CUST55476","APOTEK SAHABAT","Company","CAB07","Padang","EPM","Apotek","BRG0007","ERGOTAMINE COFFEINE","BOTOL","Produk jadi",206,"ETIKAL",9,4592.0,"IDR"
"IN6149 BRG0001","IN6149","2022-03-20","CUST55590","APOTEK TAPAK","Company","CAB01","Aceh","EPM","Apotek","BRG0001","ACYCLOVIR DUS","DUS","Produk jadi",206,"OGB & PH",14,1170.0,"IDR"
"IN6150 BRG0002","IN6150","2022-05-20","CUST55651","APOTEK MAJA","Company","CAB02","Kuningan","TA","Apotek","BRG0002","ALERGINE TABLET SALUT","DUS","Produk jadi",203,"ETIKAL",5,2338.0,"IDR"
"IN6151 BRG0001","IN6151","2022-05-02","CUST55720","APOTEK MERDEKA","Company","CAB04","Bandung","TA","Apotek","BRG0001","ACYCLOVIR DUS","DUS","Produk jadi",206,"OGB & PH",78,1170.0,"IDR"
"IN6152 BRG0003","IN6152","2022-01-31","CUST55512","APOTEK SINAR JAYA","Company","CAB06","Bekasi","TA","Apotek","BRG0003","AMPICILLIN","BOTOL","Produk jadi",210,"MARCKS",10,10691.0,"IDR"
"IN6153 BRG0008","IN6153","2022-03-27","CUST55597","APOTEK TAPAK","Company","CAB01","Aceh","EPM","Apotek","BRG0008","TETRACYCLINE KAPSUL 250 MG","TABLET","Produk jadi",204,"MARCKS",18,3992.0,"IDR"
"IN6154 BRG0002","IN6154","2022-04-19","CUST55641","APOTEK SAHABAT","Company","CAB07","Padang","EPM","Apotek","BRG0002","ALERGINE TABLET SALUT","DUS","Produk jadi",203,"ETIKAL",12,2338.0,"IDR"
"IN6155 BRG0003","IN6155","2022-01-21","CUST55382","KLINIK GM","Company","CAB03","Jakarta","TA","Klinik","BRG0003","AMPICILLIN","BOTOL","Produk jadi",210,"MARCKS",9,10691.0,"IDR"
"IN6156 BRG0009","IN6156","2022-04-07","CUST55608","APOTEK MERDEKA","Company","CAB04","Bandung","TA","Apotek","BRG0009","AMBROXOL HC","BOTOL","Produk jadi",207,"VNS",24,5781.0,"IDR"
"IN6157 BRG0004","IN6157","2022-04-12","CUST55613","APOTEK MAJA","Company","CAB02","Kuningan","TA","Apotek","BRG0004","TRAMADOL KAPSUL 50 MG","TABLET","Produk jadi",201,"VNS",67,8701.0,"IDR"
"IN6158 BRG0010","IN6158","2022-05-01","CUST55699","KLINIK SAHABAT","Company","CAB05","Tangerang","TD","Klinik","BRG0010","PARACETAMOL","BOTOL","Produk jadi",208,"SLCYL",14,6940.0,"IDR"
"IN6159 BRG0010","IN6159","2022-06-13","CUST55689","KLINIK GM","Company","CAB03","Jakarta","TA","Klinik","BRG0010","PARACETAMOL","BOTOL","Produk jadi",208,"SLCYL",67,6940.0,"IDR"
"IN6160 BRG0003","IN6160","2022-05-27","CUST55672","APOTEK TAPAK","Company","CAB01","Aceh","EPM","Apotek","BRG0003","AMPICILLIN","BOTOL","Produk jadi",210,"MARCKS",5,10691.0,"IDR"
"IN6161 BRG0001","IN6161","2022-01-27","CUST55466","KLINIK SAHABAT","Company","CAB05","Tangerang","TD","Klinik","BRG0001","ACYCLOVIR DUS","DUS","Produk jadi",206,"OGB & PH",24,4592.0,"IDR"
"IN6162 BRG0004","IN6162","2022-01-28","CUST55503","APOTEK MERDEKA","Company","CAB04","Bandung","TA","Apotek","BRG0004","TRAMADOL KAPSUL 50 MG","TABLET","Produk jadi",201,"VNS",12,8701.0,"IDR"
"IN6163 BRG0002","IN6163","2022-01-30","CUST55421","KLINIK SAHABAT","Company","CAB05","Tangerang","TD","Klinik","BRG0002","ALERGINE TABLET SALUT","DUS","Produk jadi",203,"ETIKAL",5,2338.0,"IDR"
"IN6164 BRG0009","IN6164","2022-03-08","CUST55578","APOTEK MERDEKA","Company","CAB04","Bandung","TA","Apotek","BRG0009","AMBROXOL HC","BOTOL","Produk jadi",207,"VNS",1,5781.0,"IDR"
"IN6165 BRG0003","IN6165","2022-06-16","CUST55722","APOTEK SINAR JAYA","Company","CAB06","Bekasi","TA","Apotek","BRG0003","AMPICILLIN","BOTOL","Produk jadi",210,"MARCKS",34,10691.0,"IDR"
"IN6166 BRG0006","IN6166","2022-05-30","CUST55675","APOTEK MERDEKA","Company","CAB04","Bandung","TA","Apotek","BRG0006","KETOCONAZOLE TABLET 200 MG","TABLET","Produk jadi",205,"OGB & PH",1,2819.0,"IDR"
"IN6167 BRG0002","IN6167","2022-01-28","CUST55491","APOTEK SAHABAT","Company","CAB07","Padang","EPM","Apotek","BRG0002","ALERGINE TABLET SALUT","DUS","Produk jadi",203,"ETIKAL",12,2338.0,"IDR"
"IN6168 BRG0005","IN6168","2022-05-13","CUST55644","KLINIK GM","Company","CAB03","Jakarta","TA","Klinik","BRG0005","KLORPROMAZINA TABLET SALUT SELAPUT 100 MG","TABLET","Produk jadi",203,"SLCYL",24,5648.0,"IDR"
"IN6169 BRG0006","IN6169","2022-05-20","CUST55665","APOTEK TAPAK","Company","CAB01","Aceh","EPM","Apotek","BRG0006","KETOCONAZOLE TABLET 200 MG","TABLET","Produk jadi",205,"OGB & PH",67,2819.0,"IDR"
"IN6170 BRG0006","IN6170","2022-01-30","CUST55505","APOTEK SINAR JAYA","Company","CAB06","Bekasi","TA","Apotek","BRG0006","KETOCONAZOLE TABLET 200 MG","TABLET","Produk jadi",205,"OGB & PH",14,2819.0,"IDR"
"IN6171 BRG0006","IN6171","2022-02-03","CUST55545","APOTEK TAPAK","Company","CAB01","Aceh","EPM","Apotek","BRG0006","KETOCONAZOLE TABLET 200 MG","TABLET","Produk jadi",205,"OGB & PH",25,2819.0,"IDR"
"IN6172 BRG0002","IN6172","2022-01-28","CUST55497","APOTEK SINAR JAYA","Company","CAB06","Bekasi","TA","Apotek","BRG0002","ALERGINE TABLET SALUT","DUS","Produk jadi",203,"ETIKAL",12,3992.0,"IDR"
"IN6173 BRG0001","IN6173","2022-01-27","CUST55406","KLINIK SAHABAT","Company","CAB05","Tangerang","TD","Klinik","BRG0001","ACYCLOVIR DUS","DUS","Produk jadi",206,"OGB & PH",12,4592.0,"IDR"
"IN6174 BRG0003","IN6174","2022-04-17","CUST55618","APOTEK SAHABAT","Company","CAB07","Padang","EPM","Apotek","BRG0003","AMPICILLIN","BOTOL","Produk jadi",210,"MARCKS",9,5781.0,"IDR"
"IN6175 BRG0005","IN6175","2022-01-31","CUST55404","KLINIK GM","Company","CAB03","Jakarta","TA","Klinik","BRG0005","KLORPROMAZINA TABLET SALUT SELAPUT 100 MG","TABLET","Produk jadi",203,"SLCYL",18,5648.0,"IDR"
"IN6176 BRG0004","IN6176","2022-01-30","CUST55403","APOTEK MAJA","Company","CAB02","Kuningan","TA","Apotek","BRG0004","TRAMADOL KAPSUL 50 MG","TABLET","Produk jadi",201,"VNS",18,8701.0,"IDR"
"IN6177 BRG0006","IN6177","2022-03-15","CUST55585","APOTEK MERDEKA","Company","CAB04","Bandung","TA","Apotek","BRG0006","KETOCONAZOLE TABLET 200 MG","TABLET","Produk jadi",205,"OGB & PH",17,2819.0,"IDR"
"IN6178 BRG0006","IN6178","2022-05-02","CUST55695","APOTEK TAPAK","Company","CAB01","Aceh","EPM","Apotek","BRG0006","KETOCONAZOLE TABLET 200 MG","TABLET","Produk jadi",205,"OGB & PH",18,2819.0,"IDR"
"IN6179 BRG0010","IN6179","2022-05-24","CUST55669","KLINIK SAHABAT","Company","CAB05","Tangerang","TD","Klinik","BRG0010","PARACETAMOL","BOTOL","Produk jadi",208,"SLCYL",8,6940.0,"IDR"
"IN6180 BRG0005","IN6180","2022-04-13","CUST55614","KLINIK GM","Company","CAB03","Jakarta","TA","Klinik","BRG0005","KLORPROMAZINA TABLET SALUT SELAPUT 100 MG","TABLET","Produk jadi",203,"SLCYL",98,5648.0,"IDR"
"IN6181 BRG0010","IN6181","2022-02-07","CUST55549","KLINIK SAHABAT","Company","CAB05","Tangerang","TD","Klinik","BRG0010","PARACETAMOL","BOTOL","Produk jadi",208,"SLCYL",130,6940.0,"IDR"
"IN6182 BRG0008","IN6182","2022-03-07","CUST55577","KLINIK GM","Company","CAB03","Jakarta","TA","Klinik","BRG0008","TETRACYCLINE KAPSUL 250 MG","TABLET","Produk jadi",204,"MARCKS",13,3992.0,"IDR"
"IN6183 BRG0003","IN6183","2022-01-23","CUST55498","APOTEK SAHABAT","Company","CAB07","Padang","EPM","Apotek","BRG0003","AMPICILLIN","BOTOL","Produk jadi",210,"MARCKS",25,5781.0,"IDR"
"IN6184 BRG0006","IN6184","2022-01-28","CUST55395","APOTEK TAPAK","Company","CAB01","Aceh","EPM","Apotek","BRG0006","KETOCONAZOLE TABLET 200 MG","TABLET","Produk jadi",205,"OGB & PH",25,2819.0,"IDR"
"IN6185 BRG0004","IN6185","2022-02-01","CUST55483","APOTEK SAHABAT","Company","CAB07","Padang","EPM","Apotek","BRG0004","TRAMADOL KAPSUL 50 MG","TABLET","Produk jadi",201,"VNS",9,8701.0,"IDR"
"IN6186 BRG0001","IN6186","2022-01-31","CUST55500","APOTEK TAPAK","Company","CAB01","Aceh","EPM","Apotek","BRG0001","ACYCLOVIR DUS","DUS","Produk jadi",206,"OGB & PH",18,1170.0,"IDR"
"IN6187 BRG0007","IN6187","2022-04-05","CUST55606","APOTEK MAJA","Company","CAB02","Kuningan","TA","Apotek","BRG0007","ERGOTAMINE COFFEINE","BOTOL","Produk jadi",206,"ETIKAL",25,4592.0,"IDR"
"IN6188 BRG0005","IN6188","2022-01-27","CUST55454","KLINIK DR. ANDRI","Company","CAB08","Lampung","TD","Klinik","BRG0005","KLORPROMAZINA TABLET SALUT SELAPUT 100 MG","TABLET","Produk jadi",203,"SLCYL",10,5648.0,"IDR"
"IN6189 BRG0005","IN6189","2022-03-04","CUST55574","KLINIK DR. ANDRI","Company","CAB08","Lampung","TD","Klinik","BRG0005","KLORPROMAZINA TABLET SALUT SELAPUT 100 MG","TABLET","Produk jadi",203,"SLCYL",1,5648.0,"IDR"
"IN6190 BRG0001","IN6190","2022-01-23","CUST55390","APOTEK MERDEKA","Company","CAB04","Bandung","TA","Apotek","BRG0001","ACYCLOVIR DUS","DUS","Produk jadi",206,"OGB & PH",2,1170.0,"IDR"
"IN6191 BRG0003","IN6191","2022-01-31","CUST55422","APOTEK SINAR JAYA","Company","CAB06","Bekasi","TA","Apotek","BRG0003","AMPICILLIN","BOTOL","Produk jadi",210,"MARCKS",4,10691.0,"IDR"
"IN6192 BRG0006","IN6192","2022-05-14","CUST55645","APOTEK MERDEKA","Company","CAB04","Bandung","TA","Apotek","BRG0006","KETOCONAZOLE TABLET 200 MG","TABLET","Produk jadi",205,"OGB & PH",10,2819.0,"IDR"
"IN6193 BRG0003","IN6193","2022-03-18","CUST55588","APOTEK SAHABAT","Company","CAB07","Padang","EPM","Apotek","BRG0003","AMPICILLIN","BOTOL","Produk jadi",210,"MARCKS",12,5781.0,"IDR"
"IN6194 BRG0009","IN6194","2022-04-18","CUST55658","APOTEK MAJA","Company","CAB02","Kuningan","TA","Apotek","BRG0009","AMBROXOL HC","BOTOL","Produk jadi",207,"VNS",25,5781.0,"IDR"
"IN6195 BRG0009","IN6195","2022-01-31","CUST55398","APOTEK MERDEKA","Company","CAB04","Bandung","TA","Apotek","BRG0009","AMBROXOL HC","BOTOL","Produk jadi",207,"VNS",67,5781.0,"IDR"
"IN6196 BRG0001","IN6196","2022-01-31","CUST55530","APOTEK TAPAK","Company","CAB01","Aceh","EPM","Apotek","BRG0001","ACYCLOVIR DUS","DUS","Produk jadi",206,"OGB & PH",45,1170.0,"IDR"
"IN6197 BRG0001","IN6197","2022-04-29","CUST55630","APOTEK MERDEKA","Company","CAB04","Bandung","TA","Apotek","BRG0001","ACYCLOVIR DUS","DUS","Produk jadi",206,"OGB & PH",34,1170.0,"IDR"
"IN6198 BRG0001","IN6198","2022-06-04","CUST55680","APOTEK TAPAK","Company","CAB01","Aceh","EPM","Apotek","BRG0001","ACYCLOVIR DUS","DUS","Produk jadi",206,"OGB & PH",4,1170.0,"IDR"
"IN6199 BRG0010","IN6199","2022-01-28","CUST55509","KLINIK GM","Company","CAB03","Jakarta","TA","Klinik","BRG0010","PARACETAMOL","BOTOL","Produk jadi",208,"SLCYL",25,6940.0,"IDR"
"IN6200 BRG0004","IN6200","2022-01-28","CUST55473","APOTEK MERDEKA","Company","CAB04","Bandung","TA","Apotek","BRG0004","TRAMADOL KAPSUL 50 MG","TABLET","Produk jadi",201,"VNS",5,8701.0,"IDR"
"IN6201 BRG0009","IN6201","2022-05-23","CUST55668","APOTEK MERDEKA","Company","CAB04","Bandung","TA","Apotek","BRG0009","AMBROXOL HC","BOTOL","Produk jadi",207,"VNS",4,5781.0,"IDR"
"IN6202 BRG0003","IN6202","2022-01-23","CUST55528","APOTEK SAHABAT","Company","CAB07","Padang","EPM","Apotek","BRG0003","AMPICILLIN","BOTOL","Produk jadi",210,"MARCKS",34,5781.0,"IDR"
"IN6203 BRG0005","IN6203","2022-01-31","CUST55524","KLINIK GM","Company","CAB03","Jakarta","TA","Klinik","BRG0005","KLORPROMAZINA TABLET SALUT SELAPUT 100 MG","TABLET","Produk jadi",203,"SLCYL",100,5648.0,"IDR"
"IN6204 BRG0008","IN6204","2022-06-16","CUST55727","KLINIK GM","Company","CAB03","Jakarta","TA","Klinik","BRG0008","TETRACYCLINE KAPSUL 250 MG","TABLET","Produk jadi",204,"MARCKS",34,3992.0,"IDR"
"IN6205 BRG0001","IN6205","2022-01-27","CUST55520","APOTEK SINAR JAYA","Company","CAB06","Bekasi","TA","Apotek","BRG0001","ACYCLOVIR DUS","DUS","Produk jadi",206,"OGB & PH",8,1170.0,"IDR"
"IN6206 BRG0003","IN6206","2022-03-12","CUST55582","APOTEK TAPAK","Company","CAB01","Aceh","EPM","Apotek","BRG0003","AMPICILLIN","BOTOL","Produk jadi",210,"MARCKS",23,10691.0,"IDR"
"IN6207 BRG0006","IN6207","2022-04-04","CUST55605","APOTEK TAPAK","Company","CAB01","Aceh","EPM","Apotek","BRG0006","KETOCONAZOLE TABLET 200 MG","TABLET","Produk jadi",205,"OGB & PH",12,2819.0,"IDR"
"IN6208 BRG0006","IN6208","2022-01-30","CUST55475","APOTEK SINAR JAYA","Company","CAB06","Bekasi","TA","Apotek","BRG0006","KETOCONAZOLE TABLET 200 MG","TABLET","Produk jadi",205,"OGB & PH",8,2819.0,"IDR"
"IN6209 BRG0001","IN6209","2022-03-16","CUST55586","KLINIK SAHABAT","Company","CAB05","Tangerang","TD","Klinik","BRG0001","ACYCLOVIR DUS","DUS","Produk jadi",206,"OGB & PH",11,4592.0,"IDR"
"IN6210 BRG0007","IN6210","2022-01-23","CUST55486","APOTEK MAJA","Company","CAB02","Kuningan","TA","Apotek","BRG0007","ERGOTAMINE COFFEINE","BOTOL","Produk jadi",206,"ETIKAL",4,4592.0,"IDR"
"IN6211 BRG0002","IN6211","2022-02-01","CUST55501","APOTEK MAJA","Company","CAB02","Kuningan","TA","Apotek","BRG0002","ALERGINE TABLET SALUT","DUS","Produk jadi",203,"ETIKAL",18,2338.0,"IDR"
"IN6212 BRG0002","IN6212","2022-06-05","CUST55681","APOTEK MAJA","Company","CAB02","Kuningan","TA","Apotek","BRG0002","ALERGINE TABLET SALUT","DUS","Produk jadi",203,"ETIKAL",2,2338.0,"IDR"
"IN6213 BRG0002","IN6213","2022-05-03","CUST55701","APOTEK SAHABAT","Company","CAB07","Padang","EPM","Apotek","BRG0002","ALERGINE TABLET SALUT","DUS","Produk jadi",203,"ETIKAL",22,2338.0,"IDR"
"IN6214 BRG0002","IN6214","2022-01-28","CUST55461","APOTEK SAHABAT","Company","CAB07","Padang","EPM","Apotek","BRG0002","ALERGINE TABLET SALUT","DUS","Produk jadi",203,"ETIKAL",21,2338.0,"IDR"
"IN6215 BRG0001","IN6215","2022-01-23","CUST55510","APOTEK MERDEKA","Company","CAB04","Bandung","TA","Apotek","BRG0001","ACYCLOVIR DUS","DUS","Produk jadi",206,"OGB & PH",14,1170.0,"IDR"
"IN6216 BRG0007","IN6216","2022-01-23","CUST55456","APOTEK MAJA","Company","CAB02","Kuningan","TA","Apotek","BRG0007","ERGOTAMINE COFFEINE","BOTOL","Produk jadi",206,"ETIKAL",98,4592.0,"IDR"
"IN6217 BRG0003","IN6217","2022-01-23","CUST55438","APOTEK SAHABAT","Company","CAB07","Padang","EPM","Apotek","BRG0003","AMPICILLIN","BOTOL","Produk jadi",210,"MARCKS",5,5781.0,"IDR"
"IN6218 BRG0010","IN6218","2022-04-17","CUST55639","KLINIK SAHABAT","Company","CAB05","Tangerang","TD","Klinik","BRG0010","PARACETAMOL","BOTOL","Produk jadi",208,"SLCYL",21,6940.0,"IDR"
"IN6219 BRG0001","IN6219","2022-01-27","CUST55436","KLINIK SAHABAT","Company","CAB05","Tangerang","TD","Klinik","BRG0001","ACYCLOVIR DUS","DUS","Produk jadi",206,"OGB & PH",34,4592.0,"IDR"
"IN6220 BRG0005","IN6220","2022-01-23","CUST55444","KLINIK SAHABAT","Company","CAB05","Tangerang","TD","Klinik","BRG0005","KLORPROMAZINA TABLET SALUT SELAPUT 100 MG","TABLET","Produk jadi",203,"SLCYL",48,5648.0,"IDR"
"IN6221 BRG0005","IN6221","2022-01-23","CUST55504","KLINIK SAHABAT","Company","CAB05","Tangerang","TD","Klinik","BRG0005","KLORPROMAZINA TABLET SALUT SELAPUT 100 MG","TABLET","Produk jadi",203,"SLCYL",25,5648.0,"IDR"
"IN6222 BRG0003","IN6222","2022-06-02","CUST55678","APOTEK SAHABAT","Company","CAB07","Padang","EPM","Apotek","BRG0003","AMPICILLIN","BOTOL","Produk jadi",210,"MARCKS",1,5781.0,"IDR"
"IN6223 BRG0004","IN6223","2022-05-02","CUST55633","APOTEK SAHABAT","Company","CAB07","Padang","EPM","Apotek","BRG0004","TRAMADOL KAPSUL 50 MG","TABLET","Produk jadi",201,"VNS",6,8701.0,"IDR"
"IN6224 BRG0004","IN6224","2022-02-17","CUST55559","KLINIK DR. ANDRI","Company","CAB08","Lampung","TD","Klinik","BRG0004","TRAMADOL KAPSUL 50 MG","TABLET","Produk jadi",201,"VNS",22,6940.0,"IDR"
"IN6225 BRG0002","IN6225","2022-04-30","CUST55631","KLINIK SAHABAT","Company","CAB05","Tangerang","TD","Klinik","BRG0002","ALERGINE TABLET SALUT","DUS","Produk jadi",203,"ETIKAL",44,2338.0,"IDR"
"IN6226 BRG0007","IN6226","2022-01-31","CUST55416","APOTEK SAHABAT","Company","CAB07","Padang","EPM","Apotek","BRG0007","ERGOTAMINE COFFEINE","BOTOL","Produk jadi",206,"ETIKAL",23,4592.0,"IDR"
"IN6227 BRG0002","IN6227","2022-04-10","CUST55611","APOTEK SAHABAT","Company","CAB07","Padang","EPM","Apotek","BRG0002","ALERGINE TABLET SALUT","DUS","Produk jadi",203,"ETIKAL",12,2338.0,"IDR"
"IN6228 BRG0009","IN6228","2022-01-27","CUST55508","APOTEK MAJA","Company","CAB02","Kuningan","TA","Apotek","BRG0009","AMBROXOL HC","BOTOL","Produk jadi",207,"VNS",12,5781.0,"IDR"
"IN6229 BRG0006","IN6229","2022-03-05","CUST55575","APOTEK TAPAK","Company","CAB01","Aceh","EPM","Apotek","BRG0006","KETOCONAZOLE TABLET 200 MG","TABLET","Produk jadi",205,"OGB & PH",5,2819.0,"IDR"
"IN6230 BRG0004","IN6230","2022-01-28","CUST55413","APOTEK MERDEKA","Company","CAB04","Bandung","TA","Apotek","BRG0004","TRAMADOL KAPSUL 50 MG","TABLET","Produk jadi",201,"VNS",14,8701.0,"IDR"
"IN6231 BRG0004","IN6231","2022-02-21","CUST55563","APOTEK MERDEKA","Company","CAB04","Bandung","TA","Apotek","BRG0004","TRAMADOL KAPSUL 50 MG","TABLET","Produk jadi",201,"VNS",24,8701.0,"IDR"
"IN6232 BRG0010","IN6232","2022-04-08","CUST55609","KLINIK SAHABAT","Company","CAB05","Tangerang","TD","Klinik","BRG0010","PARACETAMOL","BOTOL","Produk jadi",208,"SLCYL",10,6940.0,"IDR"
"IN6233 BRG0001","IN6233","2022-01-23","CUST55450","APOTEK MERDEKA","Company","CAB04","Bandung","TA","Apotek","BRG0001","ACYCLOVIR DUS","DUS","Produk jadi",206,"OGB & PH",24,1170.0,"IDR"
"IN6234 BRG0003","IN6234","2022-02-10","CUST55552","APOTEK TAPAK","Company","CAB01","Aceh","EPM","Apotek","BRG0003","AMPICILLIN","BOTOL","Produk jadi",210,"MARCKS",67,10691.0,"IDR"
"IN6235 BRG0002","IN6235","2022-01-30","CUST55451","KLINIK SAHABAT","Company","CAB05","Tangerang","TD","Klinik","BRG0002","ALERGINE TABLET SALUT","DUS","Produk jadi",203,"ETIKAL",10,2338.0,"IDR"
"IN6236 BRG0005","IN6236","2022-06-08","CUST55684","KLINIK SAHABAT","Company","CAB05","Tangerang","TD","Klinik","BRG0005","KLORPROMAZINA TABLET SALUT SELAPUT 100 MG","TABLET","Produk jadi",203,"SLCYL",12,5648.0,"IDR"
"IN6237 BRG0004","IN6237","2022-04-18","CUST55619","KLINIK DR. ANDRI","Company","CAB08","Lampung","TD","Klinik","BRG0004","TRAMADOL KAPSUL 50 MG","TABLET","Produk jadi",201,"VNS",10,6940.0,"IDR"
"IN6238 BRG0001","IN6238","2022-01-27","CUST55460","APOTEK SINAR JAYA","Company","CAB06","Bekasi","TA","Apotek","BRG0001","ACYCLOVIR DUS","DUS","Produk jadi",206,"OGB & PH",9,1170.0,"IDR"
"IN6239 BRG0003","IN6239","2022-03-02","CUST55572","APOTEK SINAR JAYA","Company","CAB06","Bekasi","TA","Apotek","BRG0003","AMPICILLIN","BOTOL","Produk jadi",210,"MARCKS",8,10691.0,"IDR"
"IN6240 BRG0002","IN6240","2022-01-30","CUST55541","KLINIK SAHABAT","Company","CAB05","Tangerang","TD","Klinik","BRG0002","ALERGINE TABLET SALUT","DUS","Produk jadi",203,"ETIKAL",48,2338.0,"IDR"
"IN6241 BRG0001","IN6241","2022-01-31","CUST55440","APOTEK TAPAK","Company","CAB01","Aceh","EPM","Apotek","BRG0001","ACYCLOVIR DUS","DUS","Produk jadi",206,"OGB & PH",79,1170.0,"IDR"
"IN6242 BRG0005","IN6242","2022-01-23","CUST55534","KLINIK SAHABAT","Company","CAB05","Tangerang","TD","Klinik","BRG0005","KLORPROMAZINA TABLET SALUT SELAPUT 100 MG","TABLET","Produk jadi",203,"SLCYL",44,5648.0,"IDR"
"IN6243 BRG0006","IN6243","2022-02-01","CUST55525","APOTEK MERDEKA","Company","CAB04","Bandung","TA","Apotek","BRG0006","KETOCONAZOLE TABLET 200 MG","TABLET","Produk jadi",205,"OGB & PH",67,2819.0,"IDR"
"IN6244 BRG0003","IN6244","2022-01-31","CUST55542","APOTEK SINAR JAYA","Company","CAB06","Bekasi","TA","Apotek","BRG0003","AMPICILLIN","BOTOL","Produk jadi",210,"MARCKS",21,10691.0,"IDR"
"IN6245 BRG0008","IN6245","2022-01-30","CUST55397","KLINIK GM","Company","CAB03","Jakarta","TA","Klinik","BRG0008","TETRACYCLINE KAPSUL 250 MG","TABLET","Produk jadi",204,"MARCKS",34,3992.0,"IDR"
"IN6246 BRG0004","IN6246","2022-01-28","CUST55533","APOTEK MERDEKA","Company","CAB04","Bandung","TA","Apotek","BRG0004","TRAMADOL KAPSUL 50 MG","TABLET","Produk jadi",201,"VNS",34,8701.0,"IDR"
"IN6247 BRG0006","IN6247","2022-01-28","CUST55425","APOTEK TAPAK","Company","CAB01","Aceh","EPM","Apotek","BRG0006","KETOCONAZOLE TABLET 200 MG","TABLET","Produk jadi",205,"OGB & PH",10,2819.0,"IDR"
"IN6248 BRG0008","IN6248","2022-01-30","CUST55427","KLINIK GM","Company","CAB03","Jakarta","TA","Klinik","BRG0008","TETRACYCLINE KAPSUL 250 MG","TABLET","Produk jadi",204,"MARCKS",100,3992.0,"IDR"
"IN6249 BRG0004","IN6249","2022-04-30","CUST55703","APOTEK MAJA","Company","CAB02","Kuningan","TA","Apotek","BRG0004","TRAMADOL KAPSUL 50 MG","TABLET","Produk jadi",201,"VNS",25,8701.0,"IDR"
"IN6250 BRG0002","IN6250","2022-03-17","CUST55587","APOTEK SINAR JAYA","Company","CAB06","Bekasi","TA","Apotek","BRG0002","ALERGINE TABLET SALUT","DUS","Produk jadi",203,"ETIKAL",12,3992.0,"IDR"
"IN6251 BRG0008","IN6251","2022-01-23","CUST55387","APOTEK TAPAK","Company","CAB01","Aceh","EPM","Apotek","BRG0008","TETRACYCLINE KAPSUL 250 MG","TABLET","Produk jadi",204,"MARCKS",1,3992.0,"IDR"
"IN6252 BRG0004","IN6252","2022-05-18","CUST55649","KLINIK DR. ANDRI","Company","CAB08","Lampung","TD","Klinik","BRG0004","TRAMADOL KAPSUL 50 MG","TABLET","Produk jadi",201,"VNS",67,6940.0,"IDR"
"IN6253 BRG0002","IN6253","2022-01-28","CUST55431","APOTEK SAHABAT","Company","CAB07","Padang","EPM","Apotek","BRG0002","ALERGINE TABLET SALUT","DUS","Produk jadi",203,"ETIKAL",34,2338.0,"IDR"
"IN6254 BRG0005","IN6254","2022-02-02","CUST55544","KLINIK DR. ANDRI","Company","CAB08","Lampung","TD","Klinik","BRG0005","KLORPROMAZINA TABLET SALUT SELAPUT 100 MG","TABLET","Produk jadi",203,"SLCYL",12,5648.0,"IDR"
"IN6255 BRG0007","IN6255","2022-01-31","CUST55446","APOTEK SAHABAT","Company","CAB07","Padang","EPM","Apotek","BRG0007","ERGOTAMINE COFFEINE","BOTOL","Produk jadi",206,"ETIKAL",22,4592.0,"IDR"
"IN6256 BRG0004","IN6256","2022-01-30","CUST55463","APOTEK MAJA","Company","CAB02","Kuningan","TA","Apotek","BRG0004","TRAMADOL KAPSUL 50 MG","TABLET","Produk jadi",201,"VNS",12,8701.0,"IDR"
"IN6257 BRG0006","IN6257","2022-04-14","CUST55615","APOTEK MERDEKA","Company","CAB04","Bandung","TA","Apotek","BRG0006","KETOCONAZOLE TABLET 200 MG","TABLET","Produk jadi",205,"OGB & PH",5,2819.0,"IDR"
"IN6258 BRG0005","IN6258","2022-01-27","CUST55484","KLINIK DR. ANDRI","Company","CAB08","Lampung","TD","Klinik","BRG0005","KLORPROMAZINA TABLET SALUT SELAPUT 100 MG","TABLET","Produk jadi",203,"SLCYL",1,5648.0,"IDR"
"IN6259 BRG0006","IN6259","2022-02-01","CUST55405","APOTEK MERDEKA","Company","CAB04","Bandung","TA","Apotek","BRG0006","KETOCONAZOLE TABLET 200 MG","TABLET","Produk jadi",205,"OGB & PH",19,2819.0,"IDR"
"IN6260 BRG0005","IN6260","2022-02-22","CUST55564","KLINIK SAHABAT","Company","CAB05","Tangerang","TD","Klinik","BRG0005","KLORPROMAZINA TABLET SALUT SELAPUT 100 MG","TABLET","Produk jadi",203,"SLCYL",10,5648.0,"IDR"
"IN6261 BRG0008","IN6261","2022-02-05","CUST55547","KLINIK GM","Company","CAB03","Jakarta","TA","Klinik","BRG0008","TETRACYCLINE KAPSUL 250 MG","TABLET","Produk jadi",204,"MARCKS",24,3992.0,"IDR"
"IN6262 BRG0010","IN6262","2022-01-28","CUST55419","KLINIK GM","Company","CAB03","Jakarta","TA","Klinik","BRG0010","PARACETAMOL","BOTOL","Produk jadi",208,"SLCYL",67,6940.0,"IDR"
"IN6263 BRG0003","IN6263","2022-01-31","CUST55452","APOTEK SINAR JAYA","Company","CAB06","Bekasi","TA","Apotek","BRG0003","AMPICILLIN","BOTOL","Produk jadi",210,"MARCKS",130,10691.0,"IDR"
"IN6264 BRG0001","IN6264","2022-06-14","CUST55690","APOTEK MERDEKA","Company","CAB04","Bandung","TA","Apotek","BRG0001","ACYCLOVIR DUS","DUS","Produk jadi",206,"OGB & PH",15,1170.0,"IDR"
"IN6265 BRG0009","IN6265","2022-04-30","CUST55698","APOTEK MERDEKA","Company","CAB04","Bandung","TA","Apotek","BRG0009","AMBROXOL HC","BOTOL","Produk jadi",207,"VNS",25,5781.0,"IDR"
"IN6266 BRG0002","IN6266","2022-02-01","CUST55531","APOTEK MAJA","Company","CAB02","Kuningan","TA","Apotek","BRG0002","ALERGINE TABLET SALUT","DUS","Produk jadi",203,"ETIKAL",34,2338.0,"IDR"
"IN6267 BRG0010","IN6267","2022-02-01","CUST55459","KLINIK SAHABAT","Company","CAB05","Tangerang","TD","Klinik","BRG0010","PARACETAMOL","BOTOL","Produk jadi",208,"SLCYL",8,6940.0,"IDR"
"IN6268 BRG0003","IN6268","2022-06-16","CUST55692","APOTEK SINAR JAYA","Company","CAB06","Bekasi","TA","Apotek","BRG0003","AMPICILLIN","BOTOL","Produk jadi",210,"MARCKS",25,10691.0,"IDR"
"IN6269 BRG0004","IN6269","2022-02-01","CUST55453","APOTEK SAHABAT","Company","CAB07","Padang","EPM","Apotek","BRG0004","TRAMADOL KAPSUL 50 MG","TABLET","Produk jadi",201,"VNS",12,8701.0,"IDR"
"IN6270 BRG0007","IN6270","2022-05-03","CUST55696","APOTEK MAJA","Company","CAB02","Kuningan","TA","Apotek","BRG0007","ERGOTAMINE COFFEINE","BOTOL","Produk jadi",206,"ETIKAL",19,4592.0,"IDR"
"IN6271 BRG0005","IN6271","2022-04-03","CUST55604","KLINIK DR. ANDRI","Company","CAB08","Lampung","TD","Klinik","BRG0005","KLORPROMAZINA TABLET SALUT SELAPUT 100 MG","TABLET","Produk jadi",203,"SLCYL",22,5648.0,"IDR"
"IN6272 BRG0001","IN6272","2022-05-19","CUST55650","APOTEK TAPAK","Company","CAB01","Aceh","EPM","Apotek","BRG0001","ACYCLOVIR DUS","DUS","Produk jadi",206,"OGB & PH",98,1170.0,"IDR"
"IN6273 BRG0005","IN6273","2022-05-03","CUST55634","KLINIK DR. ANDRI","Company","CAB08","Lampung","TD","Klinik","BRG0005","KLORPROMAZINA TABLET SALUT SELAPUT 100 MG","TABLET","Produk jadi",203,"SLCYL",79,5648.0,"IDR"
"IN6274 BRG0004","IN6274","2022-02-01","CUST55423","APOTEK SAHABAT","Company","CAB07","Padang","EPM","Apotek","BRG0004","TRAMADOL KAPSUL 50 MG","TABLET","Produk jadi",201,"VNS",8,8701.0,"IDR"
"IN6275 BRG0009","IN6275","2022-02-26","CUST55568","APOTEK MAJA","Company","CAB02","Kuningan","TA","Apotek","BRG0009","AMBROXOL HC","BOTOL","Produk jadi",207,"VNS",67,5781.0,"IDR"
"IN6276 BRG0002","IN6276","2022-01-30","CUST55481","KLINIK SAHABAT","Company","CAB05","Tangerang","TD","Klinik","BRG0002","ALERGINE TABLET SALUT","DUS","Produk jadi",203,"ETIKAL",1,2338.0,"IDR"
"IN6277 BRG0010","IN6277","2022-04-28","CUST55629","KLINIK GM","Company","CAB03","Jakarta","TA","Klinik","BRG0010","PARACETAMOL","BOTOL","Produk jadi",208,"SLCYL",34,6940.0,"IDR"
"IN6278 BRG0004","IN6278","2022-01-30","CUST55499","KLINIK DR. ANDRI","Company","CAB08","Lampung","TD","Klinik","BRG0004","TRAMADOL KAPSUL 50 MG","TABLET","Produk jadi",201,"VNS",14,6940.0,"IDR"
"IN6279 BRG0004","IN6279","2022-01-30","CUST55529","KLINIK DR. ANDRI","Company","CAB08","Lampung","TD","Klinik","BRG0004","TRAMADOL KAPSUL 50 MG","TABLET","Produk jadi",201,"VNS",20,6940.0,"IDR"
"IN6280 BRG0005","IN6280","2022-01-23","CUST55384","KLINIK SAHABAT","Company","CAB05","Tangerang","TD","Klinik","BRG0005","KLORPROMAZINA TABLET SALUT SELAPUT 100 MG","TABLET","Produk jadi",203,"SLCYL",1,5648.0,"IDR"
"IN6281 BRG0006","IN6281","2022-01-30","CUST55415","APOTEK SINAR JAYA","Company","CAB06","Bekasi","TA","Apotek","BRG0006","KETOCONAZOLE TABLET 200 MG","TABLET","Produk jadi",205,"OGB & PH",10,2819.0,"IDR"
"IN6282 BRG0004","IN6282","2022-05-28","CUST55673","APOTEK MAJA","Company","CAB02","Kuningan","TA","Apotek","BRG0004","TRAMADOL KAPSUL 50 MG","TABLET","Produk jadi",201,"VNS",9,8701.0,"IDR"
"IN6283 BRG0005","IN6283","2022-05-19","CUST55664","KLINIK DR. ANDRI","Company","CAB08","Lampung","TD","Klinik","BRG0005","KLORPROMAZINA TABLET SALUT SELAPUT 100 MG","TABLET","Produk jadi",203,"SLCYL",10,5648.0,"IDR"
"IN6284 BRG0001","IN6284","2022-01-23","CUST55540","APOTEK MERDEKA","Company","CAB04","Bandung","TA","Apotek","BRG0001","ACYCLOVIR DUS","DUS","Produk jadi",206,"OGB & PH",76,1170.0,"IDR"
"IN6285 BRG0001","IN6285","2022-05-15","CUST55646","KLINIK SAHABAT","Company","CAB05","Tangerang","TD","Klinik","BRG0001","ACYCLOVIR DUS","DUS","Produk jadi",206,"OGB & PH",130,4592.0,"IDR"
"IN6286 BRG0003","IN6286","2022-01-23","CUST55468","APOTEK SAHABAT","Company","CAB07","Padang","EPM","Apotek","BRG0003","AMPICILLIN","BOTOL","Produk jadi",210,"MARCKS",120,5781.0,"IDR"
"IN6287 BRG0002","IN6287","2022-01-30","CUST55391","KLINIK SAHABAT","Company","CAB05","Tangerang","TD","Klinik","BRG0002","ALERGINE TABLET SALUT","DUS","Produk jadi",203,"ETIKAL",17,2338.0,"IDR"
"IN6288 BRG0003","IN6288","2022-06-06","CUST55682","KLINIK GM","Company","CAB03","Jakarta","TA","Klinik","BRG0003","AMPICILLIN","BOTOL","Produk jadi",210,"MARCKS",17,10691.0,"IDR"
"IN6289 BRG0003","IN6289","2022-01-23","CUST55492","APOTEK TAPAK","Company","CAB01","Aceh","EPM","Apotek","BRG0003","AMPICILLIN","BOTOL","Produk jadi",210,"MARCKS",25,10691.0,"IDR"
"IN6290 BRG0003","IN6290","2022-03-22","CUST55592","KLINIK GM","Company","CAB03","Jakarta","TA","Klinik","BRG0003","AMPICILLIN","BOTOL","Produk jadi",210,"MARCKS",67,10691.0,"IDR"
"IN6291 BRG0010","IN6291","2022-02-01","CUST55489","KLINIK SAHABAT","Company","CAB05","Tangerang","TD","Klinik","BRG0010","PARACETAMOL","BOTOL","Produk jadi",208,"SLCYL",11,6940.0,"IDR"
"IN6292 BRG0002","IN6292","2022-01-28","CUST55467","APOTEK SINAR JAYA","Company","CAB06","Bekasi","TA","Apotek","BRG0002","ALERGINE TABLET SALUT","DUS","Produk jadi",203,"ETIKAL",10,3992.0,"IDR"
"IN6293 BRG0010","IN6293","2022-02-01","CUST55519","KLINIK SAHABAT","Company","CAB05","Tangerang","TD","Klinik","BRG0010","PARACETAMOL","BOTOL","Produk jadi",208,"SLCYL",4,6940.0,"IDR"
"IN6294 BRG0002","IN6294","2022-05-03","CUST55711","APOTEK MAJA","Company","CAB02","Kuningan","TA","Apotek","BRG0002","ALERGINE TABLET SALUT","DUS","Produk jadi",203,"ETIKAL",98,2338.0,"IDR"
"IN6295 BRG0004","IN6295","2022-05-22","CUST55653","APOTEK MERDEKA","Company","CAB04","Bandung","TA","Apotek","BRG0004","TRAMADOL KAPSUL 50 MG","TABLET","Produk jadi",201,"VNS",8,8701.0,"IDR"
"IN6296 BRG0006","IN6296","2022-06-09","CUST55685","APOTEK SINAR JAYA","Company","CAB06","Bekasi","TA","Apotek","BRG0006","KETOCONAZOLE TABLET 200 MG","TABLET","Produk jadi",205,"OGB & PH",12,2819.0,"IDR"
"IN6297 BRG0002","IN6297","2022-01-20","CUST55381","APOTEK MAJA","Company","CAB02","Kuningan","TA","Apotek","BRG0002","ALERGINE TABLET SALUT","DUS","Produk jadi",203,"ETIKAL",5,2338.0,"IDR"
"IN6298 BRG0003","IN6298","2022-05-21","CUST55652","KLINIK GM","Company","CAB03","Jakarta","TA","Klinik","BRG0003","AMPICILLIN","BOTOL","Produk jadi",210,"MARCKS",4,10691.0,"IDR"
"IN6299 BRG0005","IN6299","2022-01-27","CUST55514","KLINIK DR. ANDRI","Company","CAB08","Lampung","TD","Klinik","BRG0005","KLORPROMAZINA TABLET SALUT SELAPUT 100 MG","TABLET","Produk jadi",203,"SLCYL",12,5648.0,"IDR"
"IN6300 BRG0008","IN6300","2022-02-01","CUST55507","APOTEK TAPAK","Company","CAB01","Aceh","EPM","Apotek","BRG0008","TETRACYCLINE KAPSUL 250 MG","TABLET","Produk jadi",204,"MARCKS",22,3992.0,"IDR"
"IN6301 BRG0004","IN6301","2022-02-01","CUST55393","APOTEK SAHABAT","Company","CAB07","Padang","EPM","Apotek","BRG0004","TRAMADOL KAPSUL 50 MG","TABLET","Produk jadi",201,"VNS",12,8701.0,"IDR"
"IN6302 BRG0006","IN6302","2022-02-23","CUST55565","APOTEK SINAR JAYA","Company","CAB06","Bekasi","TA","Apotek","BRG0006","KETOCONAZOLE TABLET 200 MG","TABLET","Produk jadi",205,"OGB & PH",120,2819.0,"IDR"
"IN6303 BRG0010","IN6303","2022-01-28","CUST55539","KLINIK GM","Company","CAB03","Jakarta","TA","Klinik","BRG0010","PARACETAMOL","BOTOL","Produk jadi",208,"SLCYL",95,6940.0,"IDR"
"IN6304 BRG0009","IN6304","2022-04-30","CUST55728","APOTEK MERDEKA","Company","CAB04","Bandung","TA","Apotek","BRG0009","AMBROXOL HC","BOTOL","Produk jadi",207,"VNS",44,5781.0,"IDR"
"IN6305 BRG0004","IN6305","2022-01-30","CUST55493","APOTEK MAJA","Company","CAB02","Kuningan","TA","Apotek","BRG0004","TRAMADOL KAPSUL 50 MG","TABLET","Produk jadi",201,"VNS",14,8701.0,"IDR"
"IN6306 BRG0001","IN6306","2022-01-27","CUST55430","APOTEK SINAR JAYA","Company","CAB06","Bekasi","TA","Apotek","BRG0001","ACYCLOVIR DUS","DUS","Produk jadi",206,"OGB & PH",45,1170.0,"IDR"
"IN6307 BRG0007","IN6307","2022-01-23","CUST55396","APOTEK MAJA","Company","CAB02","Kuningan","TA","Apotek","BRG0007","ERGOTAMINE COFFEINE","BOTOL","Produk jadi",206,"ETIKAL",14,4592.0,"IDR"
"IN6308 BRG0007","IN6308","2022-01-23","CUST55516","APOTEK MAJA","Company","CAB02","Kuningan","TA","Apotek","BRG0007","ERGOTAMINE COFFEINE","BOTOL","Produk jadi",206,"ETIKAL",67,4592.0,"IDR"
"IN6309 BRG0008","IN6309","2022-04-26","CUST55627","APOTEK TAPAK","Company","CAB01","Aceh","EPM","Apotek","BRG0008","TETRACYCLINE KAPSUL 250 MG","TABLET","Produk jadi",204,"MARCKS",45,3992.0,"IDR"
"IN6310 BRG0004","IN6310","2022-04-30","CUST55693","APOTEK SAHABAT","Company","CAB07","Padang","EPM","Apotek","BRG0004","TRAMADOL KAPSUL 50 MG","TABLET","Produk jadi",201,"VNS",14,8701.0,"IDR"
"IN6311 BRG0007","IN6311","2022-01-23","CUST55426","APOTEK MAJA","Company","CAB02","Kuningan","TA","Apotek","BRG0007","ERGOTAMINE COFFEINE","BOTOL","Produk jadi",206,"ETIKAL",7,4592.0,"IDR"
"IN6312 BRG0006","IN6312","2022-05-02","CUST55725","APOTEK TAPAK","Company","CAB01","Aceh","EPM","Apotek","BRG0006","KETOCONAZOLE TABLET 200 MG","TABLET","Produk jadi",205,"OGB & PH",34,2819.0,"IDR"
"IN6313 BRG0001","IN6313","2022-04-20","CUST55660","APOTEK MERDEKA","Company","CAB04","Bandung","TA","Apotek","BRG0001","ACYCLOVIR DUS","DUS","Produk jadi",206,"OGB & PH",24,1170.0,"IDR"
"IN6314 BRG0002","IN6314","2022-01-28","CUST55527","APOTEK SINAR JAYA","Company","CAB06","Bekasi","TA","Apotek","BRG0002","ALERGINE TABLET SALUT","DUS","Produk jadi",203,"ETIKAL",45,3992.0,"IDR"
"IN6315 BRG0004","IN6315","2022-04-21","CUST55643","APOTEK MAJA","Company","CAB02","Kuningan","TA","Apotek","BRG0004","TRAMADOL KAPSUL 50 MG","TABLET","Produk jadi",201,"VNS",14,8701.0,"IDR"
"IN6316 BRG0003","IN6316","2022-04-19","CUST55662","APOTEK SINAR JAYA","Company","CAB06","Bekasi","TA","Apotek","BRG0003","AMPICILLIN","BOTOL","Produk jadi",210,"MARCKS",120,10691.0,"IDR"
"IN6317 BRG0003","IN6317","2022-01-23","CUST55522","APOTEK TAPAK","Company","CAB01","Aceh","EPM","Apotek","BRG0003","AMPICILLIN","BOTOL","Produk jadi",210,"MARCKS",10,10691.0,"IDR"
"IN6318 BRG0003","IN6318","2022-01-23","CUST55462","APOTEK TAPAK","Company","CAB01","Aceh","EPM","Apotek","BRG0003","AMPICILLIN","BOTOL","Produk jadi",210,"MARCKS",22,10691.0,"IDR"
"IN6319 BRG0004","IN6319","2022-02-11","CUST55553","APOTEK MAJA","Company","CAB02","Kuningan","TA","Apotek","BRG0004","TRAMADOL KAPSUL 50 MG","TABLET","Produk jadi",201,"VNS",98,8701.0,"IDR"
"IN6320 BRG0006","IN6320","2022-02-01","CUST55495","APOTEK MERDEKA","Company","CAB04","Bandung","TA","Apotek","BRG0006","KETOCONAZOLE TABLET 200 MG","TABLET","Produk jadi",205,"OGB & PH",67,2819.0,"IDR"
"IN6321 BRG0001","IN6321","2022-01-31","CUST55410","APOTEK TAPAK","Company","CAB01","Aceh","EPM","Apotek","BRG0001","ACYCLOVIR DUS","DUS","Produk jadi",206,"OGB & PH",22,1170.0,"IDR"
"IN6322 BRG0009","IN6322","2022-01-31","CUST55488","APOTEK MERDEKA","Company","CAB04","Bandung","TA","Apotek","BRG0009","AMBROXOL HC","BOTOL","Produk jadi",207,"VNS",17,5781.0,"IDR"
"IN6323 BRG0004","IN6323","2022-01-30","CUST55439","KLINIK DR. ANDRI","Company","CAB08","Lampung","TD","Klinik","BRG0004","TRAMADOL KAPSUL 50 MG","TABLET","Produk jadi",201,"VNS",6,6940.0,"IDR"
"IN6324 BRG0007","IN6324","2022-06-10","CUST55686","APOTEK SAHABAT","Company","CAB07","Padang","EPM","Apotek","BRG0007","ERGOTAMINE COFFEINE","BOTOL","Produk jadi",206,"ETIKAL",25,4592.0,"IDR"
"IN6325 BRG0002","IN6325","2022-01-28","CUST55521","APOTEK SAHABAT","Company","CAB07","Padang","EPM","Apotek","BRG0002","ALERGINE TABLET SALUT","DUS","Produk jadi",203,"ETIKAL",9,2338.0,"IDR"
"IN6326 BRG0009","IN6326","2022-01-31","CUST55458","APOTEK MERDEKA","Company","CAB04","Bandung","TA","Apotek","BRG0009","AMBROXOL HC","BOTOL","Produk jadi",207,"VNS",4,5781.0,"IDR"
"IN6327 BRG0009","IN6327","2022-01-27","CUST55448","APOTEK MAJA","Company","CAB02","Kuningan","TA","Apotek","BRG0009","AMBROXOL HC","BOTOL","Produk jadi",207,"VNS",25,5781.0,"IDR"
